[{"model": "admin.logentry", "pk": 233, "fields": {"action_time": "2024-02-12T10:48:09.154Z", "user": 9, "content_type": 4, "object_id": "10", "object_repr": "guilherme_tavares", "action_flag": 1, "change_message": "[{\"added\": {}}]"}}, {"model": "admin.logentry", "pk": 234, "fields": {"action_time": "2024-02-12T10:48:24.226Z", "user": 9, "content_type": 4, "object_id": "10", "object_repr": "guilherme_tavares", "action_flag": 2, "change_message": "[{\"changed\": {\"fields\": [\"First name\", \"Last name\", \"Email address\"]}}]"}}, {"model": "admin.logentry", "pk": 235, "fields": {"action_time": "2024-02-12T10:50:44.958Z", "user": 9, "content_type": 7, "object_id": "d1a9303d-ed7d-4a64-9a24-efec2c461d07", "object_repr": "guilherme_tavares", "action_flag": 2, "change_message": "[{\"changed\": {\"fields\": [\"Is athlete\", \"First name\", \"Last name\", \"Email\", \"Birth date\", \"Gender\", \"Birth place\", \"Nationality\"]}}]"}}, {"model": "admin.logentry", "pk": 236, "fields": {"action_time": "2024-02-12T10:51:24.787Z", "user": 9, "content_type": 12, "object_id": "d960a012-2624-4a50-8472-2ebc4ef2263e", "object_repr": "guilherme_tavares - Combined Events", "action_flag": 1, "change_message": "[{\"added\": {}}]"}}, {"model": "admin.logentry", "pk": 237, "fields": {"action_time": "2024-02-12T10:52:09.544Z", "user": 9, "content_type": 12, "object_id": "d960a012-2624-4a50-8472-2ebc4ef2263e", "object_repr": "guilherme_tavares - Combined Events", "action_flag": 2, "change_message": "[]"}}, {"model": "admin.logentry", "pk": 238, "fields": {"action_time": "2024-02-16T14:13:26.893Z", "user": 9, "content_type": 18, "object_id": "84026f65-e7e1-4e2b-adb4-b4847823f290", "object_repr": "LongJump", "action_flag": 3, "change_message": ""}}, {"model": "admin.logentry", "pk": 239, "fields": {"action_time": "2024-02-16T14:13:26.896Z", "user": 9, "content_type": 18, "object_id": "753c1a2d-7186-47ed-a503-bb67c473a2d3", "object_repr": "100m", "action_flag": 3, "change_message": ""}}, {"model": "admin.logentry", "pk": 240, "fields": {"action_time": "2024-02-16T14:13:26.898Z", "user": 9, "content_type": 18, "object_id": "48053a2d-47f4-48cb-a658-f867a0f37a75", "object_repr": "200m", "action_flag": 3, "change_message": ""}}, {"model": "admin.logentry", "pk": 241, "fields": {"action_time": "2024-02-16T14:13:26.900Z", "user": 9, "content_type": 18, "object_id": "3cf89f33-e20f-4ce6-90a8-74e19379ce21", "object_repr": "Decathlon", "action_flag": 3, "change_message": ""}}, {"model": "admin.logentry", "pk": 242, "fields": {"action_time": "2024-02-16T14:13:26.901Z", "user": 9, "content_type": 18, "object_id": "213761b3-2dff-4f26-a371-8e42c8bbd246", "object_repr": "Salto em Altura", "action_flag": 3, "change_message": ""}}, {"model": "admin.logentry", "pk": 243, "fields": {"action_time": "2024-02-16T14:18:17.078Z", "user": 9, "content_type": 18, "object_id": "cb17f63f-35b4-4f91-941a-cbee6feef707", "object_repr": "60m", "action_flag": 1, "change_message": "[{\"added\": {}}]"}}, {"model": "admin.logentry", "pk": 244, "fields": {"action_time": "2024-02-16T14:18:27.301Z", "user": 9, "content_type": 18, "object_id": "d5230e96-834c-4827-81f5-25815ca88c97", "object_repr": "200m", "action_flag": 1, "change_message": "[{\"added\": {}}]"}}, {"model": "admin.logentry", "pk": 245, "fields": {"action_time": "2024-02-16T14:18:32.628Z", "user": 9, "content_type": 18, "object_id": "6eb11b9d-5202-4aa2-bc6a-2ea0fce719ff", "object_repr": "400m", "action_flag": 1, "change_message": "[{\"added\": {}}]"}}, {"model": "admin.logentry", "pk": 246, "fields": {"action_time": "2024-02-16T14:18:40.025Z", "user": 9, "content_type": 18, "object_id": "2e5bd814-56dd-4398-bb18-68ec3efd09bf", "object_repr": "800", "action_flag": 1, "change_message": "[{\"added\": {}}]"}}, {"model": "admin.logentry", "pk": 247, "fields": {"action_time": "2024-02-16T14:18:44.616Z", "user": 9, "content_type": 18, "object_id": "4b5733e4-a2c4-4025-805f-3620fafe67cf", "object_repr": "1000m", "action_flag": 1, "change_message": "[{\"added\": {}}]"}}, {"model": "admin.logentry", "pk": 248, "fields": {"action_time": "2024-02-16T14:18:48.683Z", "user": 9, "content_type": 18, "object_id": "809f6650-c38c-44c1-a80e-4f5200b66368", "object_repr": "1500m", "action_flag": 1, "change_message": "[{\"added\": {}}]"}}, {"model": "admin.logentry", "pk": 249, "fields": {"action_time": "2024-02-16T14:18:58.076Z", "user": 9, "content_type": 18, "object_id": "2e5bd814-56dd-4398-bb18-68ec3efd09bf", "object_repr": "800m", "action_flag": 2, "change_message": "[{\"changed\": {\"fields\": [\"Event name\"]}}]"}}, {"model": "admin.logentry", "pk": 250, "fields": {"action_time": "2024-02-16T14:19:01.736Z", "user": 9, "content_type": 18, "object_id": "cb17f63f-35b4-4f91-941a-cbee6feef707", "object_repr": "60m", "action_flag": 2, "change_message": "[{\"changed\": {\"fields\": [\"Timing\"]}}]"}}, {"model": "admin.logentry", "pk": 251, "fields": {"action_time": "2024-02-16T14:19:04.093Z", "user": 9, "content_type": 18, "object_id": "809f6650-c38c-44c1-a80e-4f5200b66368", "object_repr": "1500m", "action_flag": 2, "change_message": "[{\"changed\": {\"fields\": [\"Timing\"]}}]"}}, {"model": "admin.logentry", "pk": 252, "fields": {"action_time": "2024-02-16T14:19:07.411Z", "user": 9, "content_type": 18, "object_id": "6eb11b9d-5202-4aa2-bc6a-2ea0fce719ff", "object_repr": "400m", "action_flag": 2, "change_message": "[]"}}, {"model": "admin.logentry", "pk": 253, "fields": {"action_time": "2024-02-16T14:19:09.252Z", "user": 9, "content_type": 18, "object_id": "6eb11b9d-5202-4aa2-bc6a-2ea0fce719ff", "object_repr": "400m", "action_flag": 2, "change_message": "[]"}}, {"model": "admin.logentry", "pk": 254, "fields": {"action_time": "2024-02-16T14:19:12.752Z", "user": 9, "content_type": 18, "object_id": "d5230e96-834c-4827-81f5-25815ca88c97", "object_repr": "200m", "action_flag": 2, "change_message": "[{\"changed\": {\"fields\": [\"Timing\"]}}]"}}, {"model": "admin.logentry", "pk": 255, "fields": {"action_time": "2024-02-16T14:19:33.252Z", "user": 9, "content_type": 18, "object_id": "d5230e96-834c-4827-81f5-25815ca88c97", "object_repr": "200m - Pista Curta", "action_flag": 2, "change_message": "[{\"changed\": {\"fields\": [\"Event name\"]}}]"}}, {"model": "admin.logentry", "pk": 256, "fields": {"action_time": "2024-02-16T14:19:43.046Z", "user": 9, "content_type": 18, "object_id": "809f6650-c38c-44c1-a80e-4f5200b66368", "object_repr": "1500m - Pista Curta", "action_flag": 2, "change_message": "[{\"changed\": {\"fields\": [\"Event name\"]}}]"}}, {"model": "admin.logentry", "pk": 257, "fields": {"action_time": "2024-02-16T14:19:45.846Z", "user": 9, "content_type": 18, "object_id": "6eb11b9d-5202-4aa2-bc6a-2ea0fce719ff", "object_repr": "400m - Pista Curta", "action_flag": 2, "change_message": "[{\"changed\": {\"fields\": [\"Event name\"]}}]"}}, {"model": "admin.logentry", "pk": 258, "fields": {"action_time": "2024-02-16T14:19:48.794Z", "user": 9, "content_type": 18, "object_id": "4b5733e4-a2c4-4025-805f-3620fafe67cf", "object_repr": "1000m - Pista Curta", "action_flag": 2, "change_message": "[{\"changed\": {\"fields\": [\"Event name\"]}}]"}}, {"model": "admin.logentry", "pk": 259, "fields": {"action_time": "2024-02-16T14:19:51.094Z", "user": 9, "content_type": 18, "object_id": "4b5733e4-a2c4-4025-805f-3620fafe67cf", "object_repr": "1000m - Pista Curta", "action_flag": 2, "change_message": "[{\"changed\": {\"fields\": [\"Timing\"]}}]"}}, {"model": "admin.logentry", "pk": 260, "fields": {"action_time": "2024-02-16T14:19:54.316Z", "user": 9, "content_type": 18, "object_id": "2e5bd814-56dd-4398-bb18-68ec3efd09bf", "object_repr": "800m - Pista Curta", "action_flag": 2, "change_message": "[{\"changed\": {\"fields\": [\"Event name\"]}}]"}}, {"model": "admin.logentry", "pk": 261, "fields": {"action_time": "2024-02-16T14:20:33.161Z", "user": 9, "content_type": 18, "object_id": "e0531330-8efb-4f83-b55f-336e1821683f", "object_repr": "60m Bar - 0.91cm", "action_flag": 1, "change_message": "[{\"added\": {}}]"}}, {"model": "admin.logentry", "pk": 262, "fields": {"action_time": "2024-02-16T14:20:39.337Z", "user": 9, "content_type": 18, "object_id": "8b44abf5-cfb0-44e6-959c-3ba512a06b32", "object_repr": "60m Bar - 0.84cm", "action_flag": 1, "change_message": "[{\"added\": {}}]"}}, {"model": "admin.logentry", "pk": 263, "fields": {"action_time": "2024-02-16T14:20:45.225Z", "user": 9, "content_type": 18, "object_id": "33a7f04e-3d27-4a7a-bd8f-73292ac3cc5e", "object_repr": "60m Bar - 0.76cm", "action_flag": 1, "change_message": "[{\"added\": {}}]"}}, {"model": "admin.logentry", "pk": 264, "fields": {"action_time": "2024-02-16T14:20:49.440Z", "user": 9, "content_type": 18, "object_id": "e76d49f0-a826-4f2f-8a97-53add207ca97", "object_repr": "60m Bar - 0.99cm", "action_flag": 1, "change_message": "[{\"added\": {}}]"}}, {"model": "admin.logentry", "pk": 265, "fields": {"action_time": "2024-02-16T14:20:56.472Z", "user": 9, "content_type": 18, "object_id": "8350ecf7-a15c-4f2c-9dae-3f34005ec667", "object_repr": "60m Bar - 1.07cm", "action_flag": 1, "change_message": "[{\"added\": {}}]"}}, {"model": "admin.logentry", "pk": 266, "fields": {"action_time": "2024-02-16T14:20:58.912Z", "user": 9, "content_type": 18, "object_id": "e76d49f0-a826-4f2f-8a97-53add207ca97", "object_repr": "60m Bar - 0.99cm", "action_flag": 2, "change_message": "[{\"changed\": {\"fields\": [\"Timing\"]}}]"}}, {"model": "admin.logentry", "pk": 267, "fields": {"action_time": "2024-02-16T14:21:01.493Z", "user": 9, "content_type": 18, "object_id": "e0531330-8efb-4f83-b55f-336e1821683f", "object_repr": "60m Bar - 0.91cm", "action_flag": 2, "change_message": "[]"}}, {"model": "admin.logentry", "pk": 268, "fields": {"action_time": "2024-02-16T14:21:03.393Z", "user": 9, "content_type": 18, "object_id": "e76d49f0-a826-4f2f-8a97-53add207ca97", "object_repr": "60m Bar - 0.99cm", "action_flag": 2, "change_message": "[]"}}, {"model": "admin.logentry", "pk": 269, "fields": {"action_time": "2024-02-16T14:21:06.283Z", "user": 9, "content_type": 18, "object_id": "8b44abf5-cfb0-44e6-959c-3ba512a06b32", "object_repr": "60m Bar - 0.84cm", "action_flag": 2, "change_message": "[{\"changed\": {\"fields\": [\"Timing\"]}}]"}}, {"model": "admin.logentry", "pk": 270, "fields": {"action_time": "2024-02-16T14:21:08.528Z", "user": 9, "content_type": 18, "object_id": "8350ecf7-a15c-4f2c-9dae-3f34005ec667", "object_repr": "60m Bar - 1.07cm", "action_flag": 2, "change_message": "[]"}}, {"model": "admin.logentry", "pk": 271, "fields": {"action_time": "2024-02-16T14:21:11.678Z", "user": 9, "content_type": 18, "object_id": "33a7f04e-3d27-4a7a-bd8f-73292ac3cc5e", "object_repr": "60m Bar - 0.76cm", "action_flag": 2, "change_message": "[{\"changed\": {\"fields\": [\"Timing\"]}}]"}}, {"model": "admin.logentry", "pk": 272, "fields": {"action_time": "2024-02-16T14:21:34.174Z", "user": 9, "content_type": 18, "object_id": "0b47217e-9546-4a17-804d-8a6ea710d56f", "object_repr": "Salto em Comprimento - Short Track", "action_flag": 1, "change_message": "[{\"added\": {}}]"}}, {"model": "admin.logentry", "pk": 273, "fields": {"action_time": "2024-02-16T14:21:47.698Z", "user": 9, "content_type": 18, "object_id": "0b47217e-9546-4a17-804d-8a6ea710d56f", "object_repr": "Salto em Comprimento", "action_flag": 2, "change_message": "[{\"changed\": {\"fields\": [\"Event name\", \"Wind influence\"]}}]"}}, {"model": "admin.logentry", "pk": 274, "fields": {"action_time": "2024-02-16T14:21:57.640Z", "user": 9, "content_type": 18, "object_id": "475142fc-4a25-4dda-b49e-b26be7bd8159", "object_repr": "Salto em Altura", "action_flag": 1, "change_message": "[{\"added\": {}}]"}}, {"model": "admin.logentry", "pk": 275, "fields": {"action_time": "2024-02-16T14:22:32.784Z", "user": 9, "content_type": 18, "object_id": "b31ee88d-45ef-4a65-ba0e-cc71e0333982", "object_repr": "Salto em Altura", "action_flag": 1, "change_message": "[{\"added\": {}}]"}}, {"model": "admin.logentry", "pk": 276, "fields": {"action_time": "2024-02-16T14:22:38.518Z", "user": 9, "content_type": 18, "object_id": "5ed657e6-b9aa-4234-b2f4-f43b63d42bf6", "object_repr": "Triplo Salto", "action_flag": 1, "change_message": "[{\"added\": {}}]"}}, {"model": "admin.logentry", "pk": 277, "fields": {"action_time": "2024-02-16T14:22:48.279Z", "user": 9, "content_type": 18, "object_id": "9ccc9046-f198-4caa-a90d-a9a025ffe1b9", "object_repr": "Salto com Vara", "action_flag": 1, "change_message": "[{\"added\": {}}]"}}, {"model": "admin.logentry", "pk": 278, "fields": {"action_time": "2024-02-16T14:22:56.794Z", "user": 9, "content_type": 18, "object_id": "5ed657e6-b9aa-4234-b2f4-f43b63d42bf6", "object_repr": "Triplo Salto", "action_flag": 2, "change_message": "[{\"changed\": {\"fields\": [\"Wind influence\"]}}]"}}, {"model": "admin.logentry", "pk": 279, "fields": {"action_time": "2024-02-16T14:23:05.308Z", "user": 9, "content_type": 18, "object_id": "27964825-66ac-40fb-8c96-76dc5b8aba8e", "object_repr": "Lançamento do Peso", "action_flag": 1, "change_message": "[{\"added\": {}}]"}}, {"model": "admin.logentry", "pk": 280, "fields": {"action_time": "2024-02-16T14:23:08.850Z", "user": 9, "content_type": 18, "object_id": "0eadfdc9-9ba7-4054-bcff-38c79be524fa", "object_repr": "Lançamento do Disco", "action_flag": 1, "change_message": "[{\"added\": {}}]"}}, {"model": "admin.logentry", "pk": 281, "fields": {"action_time": "2024-02-16T14:23:12.060Z", "user": 9, "content_type": 18, "object_id": "cffd0f72-c715-4402-b887-d4a4d68ea4a9", "object_repr": "Lançamento do Dardo", "action_flag": 1, "change_message": "[{\"added\": {}}]"}}, {"model": "admin.logentry", "pk": 282, "fields": {"action_time": "2024-02-16T14:23:18.179Z", "user": 9, "content_type": 18, "object_id": "ae93cdf3-ee34-47de-a98b-cfd22ac5194d", "object_repr": "Lançamento do Martelo", "action_flag": 1, "change_message": "[{\"added\": {}}]"}}, {"model": "admin.logentry", "pk": 283, "fields": {"action_time": "2024-02-16T14:23:23.822Z", "user": 9, "content_type": 18, "object_id": "0eadfdc9-9ba7-4054-bcff-38c79be524fa", "object_repr": "Lançamento do Disco", "action_flag": 2, "change_message": "[{\"changed\": {\"fields\": [\"Short track\"]}}]"}}, {"model": "admin.logentry", "pk": 284, "fields": {"action_time": "2024-02-16T14:23:27.720Z", "user": 9, "content_type": 18, "object_id": "cffd0f72-c715-4402-b887-d4a4d68ea4a9", "object_repr": "Lançamento do Dardo", "action_flag": 2, "change_message": "[{\"changed\": {\"fields\": [\"Short track\"]}}]"}}, {"model": "admin.logentry", "pk": 285, "fields": {"action_time": "2024-02-16T14:23:30.580Z", "user": 9, "content_type": 18, "object_id": "ae93cdf3-ee34-47de-a98b-cfd22ac5194d", "object_repr": "Lançamento do Martelo", "action_flag": 2, "change_message": "[]"}}, {"model": "admin.logentry", "pk": 286, "fields": {"action_time": "2024-02-16T14:23:48.744Z", "user": 9, "content_type": 18, "object_id": "0c5f5412-0f7c-447c-8ecd-ec9103fa8bb0", "object_repr": "Heptatlo - Short Track", "action_flag": 1, "change_message": "[{\"added\": {}}]"}}, {"model": "admin.logentry", "pk": 287, "fields": {"action_time": "2024-02-16T14:23:57.825Z", "user": 9, "content_type": 18, "object_id": "131a6ae2-7eee-410c-8ec1-d074cfb94f18", "object_repr": "Pentatlo - Short Track", "action_flag": 1, "change_message": "[{\"added\": {}}]"}}, {"model": "admin.logentry", "pk": 288, "fields": {"action_time": "2024-02-16T14:24:06.789Z", "user": 9, "content_type": 18, "object_id": "7126417c-0296-4078-a532-14e4127a3351", "object_repr": "Heptatlo", "action_flag": 1, "change_message": "[{\"added\": {}}]"}}, {"model": "admin.logentry", "pk": 289, "fields": {"action_time": "2024-02-16T14:24:11.390Z", "user": 9, "content_type": 18, "object_id": "852a2205-43c5-4e6e-86a2-e4570f404483", "object_repr": "Decatlo", "action_flag": 1, "change_message": "[{\"added\": {}}]"}}, {"model": "admin.logentry", "pk": 290, "fields": {"action_time": "2024-02-16T14:24:28.180Z", "user": 9, "content_type": 18, "object_id": "b3df8c70-5f5e-4666-84a1-ebc216a85eb7", "object_repr": "Triatlo Técnico Sub18", "action_flag": 1, "change_message": "[{\"added\": {}}]"}}, {"model": "admin.logentry", "pk": 291, "fields": {"action_time": "2024-02-16T14:24:38.379Z", "user": 9, "content_type": 18, "object_id": "e5ab1894-238c-40b3-9e63-7391030db315", "object_repr": "3000m", "action_flag": 1, "change_message": "[{\"added\": {}}]"}}, {"model": "admin.logentry", "pk": 292, "fields": {"action_time": "2024-02-16T14:27:37.310Z", "user": 9, "content_type": 28, "object_id": "e00a86f5-bbde-4fe6-8c4b-e3ae8861b9d4", "object_repr": "Gabriel Cunha - 60m - 2024 - Indoor", "action_flag": 1, "change_message": "[{\"added\": {}}]"}}, {"model": "admin.logentry", "pk": 293, "fields": {"action_time": "2024-02-16T14:27:51.132Z", "user": 9, "content_type": 28, "object_id": "2e048406-131a-441b-95f0-cb010b16830d", "object_repr": "Gabriel Cunha - Salto em Comprimento - 2024 - Indoor", "action_flag": 1, "change_message": "[{\"added\": {}}]"}}, {"model": "admin.logentry", "pk": 294, "fields": {"action_time": "2024-02-16T14:28:10.562Z", "user": 9, "content_type": 28, "object_id": "e0d6ef8a-ebbf-4407-9c96-1ff4fcabd00f", "object_repr": "Gabriel Cunha - Lançamento do Peso - 2024 - Indoor", "action_flag": 1, "change_message": "[{\"added\": {}}]"}}, {"model": "admin.logentry", "pk": 295, "fields": {"action_time": "2024-02-16T14:28:30.732Z", "user": 9, "content_type": 18, "object_id": "b31ee88d-45ef-4a65-ba0e-cc71e0333982", "object_repr": "Salto em Altura", "action_flag": 3, "change_message": ""}}, {"model": "admin.logentry", "pk": 296, "fields": {"action_time": "2024-02-16T14:28:58.832Z", "user": 9, "content_type": 28, "object_id": "4b1750b3-a071-4b07-89a8-ddc18e6856e5", "object_repr": "Gabriel Cunha - Salto em Altura - 2024 - Indoor", "action_flag": 1, "change_message": "[{\"added\": {}}]"}}, {"model": "admin.logentry", "pk": 297, "fields": {"action_time": "2024-02-16T14:29:31.055Z", "user": 9, "content_type": 28, "object_id": "7d9edb12-ca39-433b-a03c-8c87fb92cb82", "object_repr": "Gabriel Cunha - 60m Bar - 0.91cm - 2024 - Indoor", "action_flag": 1, "change_message": "[{\"added\": {}}]"}}, {"model": "admin.logentry", "pk": 298, "fields": {"action_time": "2024-02-16T14:30:02.294Z", "user": 9, "content_type": 28, "object_id": "da58c190-c80c-4ca7-8eba-e9f2c9f428fb", "object_repr": "Gabriel Cunha - Salto com Vara - 2024 - Indoor", "action_flag": 1, "change_message": "[{\"added\": {}}]"}}, {"model": "admin.logentry", "pk": 299, "fields": {"action_time": "2024-02-16T14:30:54.559Z", "user": 9, "content_type": 28, "object_id": "badfcf3d-8108-4de4-b9b9-721ab42e6305", "object_repr": "Gabriel Cunha - 1000m - Pista Curta - 2024 - Indoor", "action_flag": 1, "change_message": "[{\"added\": {}}]"}}, {"model": "admin.logentry", "pk": 300, "fields": {"action_time": "2024-02-16T14:31:26.157Z", "user": 9, "content_type": 18, "object_id": "7126417c-0296-4078-a532-14e4127a3351", "object_repr": "Heptatlo Sénior", "action_flag": 2, "change_message": "[{\"changed\": {\"fields\": [\"Event name\"]}}]"}}, {"model": "admin.logentry", "pk": 301, "fields": {"action_time": "2024-02-16T14:31:35.801Z", "user": 9, "content_type": 18, "object_id": "0c5f5412-0f7c-447c-8ecd-ec9103fa8bb0", "object_repr": "Heptatlo Sub18 - Short Track", "action_flag": 2, "change_message": "[{\"changed\": {\"fields\": [\"Event name\"]}}]"}}, {"model": "admin.logentry", "pk": 302, "fields": {"action_time": "2024-02-16T14:31:45.314Z", "user": 9, "content_type": 18, "object_id": "05329318-a958-4e76-a48f-2281aba97986", "object_repr": "Heptatlo Sub20 - Short Track", "action_flag": 1, "change_message": "[{\"added\": {}}]"}}, {"model": "admin.logentry", "pk": 303, "fields": {"action_time": "2024-02-16T14:32:14.674Z", "user": 9, "content_type": 28, "object_id": "e6d3015d-1722-42e9-a044-74c25acf784d", "object_repr": "Gabriel Cunha - Heptatlo Sub18 - Short Track - 2024 - Indoor", "action_flag": 1, "change_message": "[{\"added\": {}}]"}}, {"model": "admin.logentry", "pk": 304, "fields": {"action_time": "2024-02-16T14:32:52.708Z", "user": 9, "content_type": 28, "object_id": "fcb7198d-f2a6-48b2-a046-bae1eecb18af", "object_repr": "Bernardo Cunha - 60m - 2024 - Indoor", "action_flag": 1, "change_message": "[{\"added\": {}}]"}}, {"model": "admin.logentry", "pk": 305, "fields": {"action_time": "2024-02-16T14:33:13.405Z", "user": 9, "content_type": 28, "object_id": "d9599296-3fb5-43f9-a143-cc7b237dc9c0", "object_repr": "Bernardo Cunha - 60m Bar - 0.99cm - 2024 - Indoor", "action_flag": 1, "change_message": "[{\"added\": {}}]"}}, {"model": "admin.logentry", "pk": 306, "fields": {"action_time": "2024-02-16T14:34:14.955Z", "user": 9, "content_type": 28, "object_id": "87f63157-8fc0-4b39-b041-dab397e82af2", "object_repr": "Bernardo Cunha - Salto em Comprimento - 2024 - Indoor", "action_flag": 1, "change_message": "[{\"added\": {}}]"}}, {"model": "admin.logentry", "pk": 307, "fields": {"action_time": "2024-02-16T14:34:42.833Z", "user": 9, "content_type": 28, "object_id": "f920956c-3095-48ff-bfb6-3b8daaf3978e", "object_repr": "Bernardo Cunha - Salto em Altura - 2024 - Indoor", "action_flag": 1, "change_message": "[{\"added\": {}}]"}}, {"model": "admin.logentry", "pk": 308, "fields": {"action_time": "2024-02-16T14:35:15.365Z", "user": 9, "content_type": 28, "object_id": "ca159e4a-f8c4-46e3-9404-fda24240d0cd", "object_repr": "Gabriel Cunha - Salto com Vara - 2024 - Indoor", "action_flag": 1, "change_message": "[{\"added\": {}}]"}}, {"model": "admin.logentry", "pk": 309, "fields": {"action_time": "2024-02-16T14:35:50.685Z", "user": 9, "content_type": 18, "object_id": "27964825-66ac-40fb-8c96-76dc5b8aba8e", "object_repr": "Lançamento do Peso - 5Kg", "action_flag": 2, "change_message": "[{\"changed\": {\"fields\": [\"Event name\"]}}]"}}, {"model": "admin.logentry", "pk": 310, "fields": {"action_time": "2024-02-16T14:35:59.492Z", "user": 9, "content_type": 18, "object_id": "7e1f4d3e-dec0-4e81-97b7-1c2157ea7ad1", "object_repr": "Lançamento do Peso - 6Kg", "action_flag": 1, "change_message": "[{\"added\": {}}]"}}, {"model": "admin.logentry", "pk": 311, "fields": {"action_time": "2024-02-16T14:36:10.836Z", "user": 9, "content_type": 18, "object_id": "a0d0aeb7-5abe-4a42-81e6-5aedc8063968", "object_repr": "Lançamento do Peso - 4Kg", "action_flag": 1, "change_message": "[{\"added\": {}}]"}}, {"model": "admin.logentry", "pk": 312, "fields": {"action_time": "2024-02-16T14:36:14.876Z", "user": 9, "content_type": 18, "object_id": "64cf7907-3941-4a29-8ab8-f0c48d2ed15d", "object_repr": "Lançamento do Peso - 3Kg", "action_flag": 1, "change_message": "[{\"added\": {}}]"}}, {"model": "admin.logentry", "pk": 313, "fields": {"action_time": "2024-02-16T14:36:25.137Z", "user": 9, "content_type": 18, "object_id": "75036b36-4ccb-4450-94f9-10a427f36817", "object_repr": "Lançamento do Peso - 7,260Kg", "action_flag": 1, "change_message": "[{\"added\": {}}]"}}, {"model": "admin.logentry", "pk": 314, "fields": {"action_time": "2024-02-16T14:37:01.371Z", "user": 9, "content_type": 28, "object_id": "2767cb7a-2bf0-4229-82eb-8b23eec4422e", "object_repr": "Bernardo Cunha - Lançamento do Peso - 6Kg - 2024 - Indoor", "action_flag": 1, "change_message": "[{\"added\": {}}]"}}, {"model": "admin.logentry", "pk": 315, "fields": {"action_time": "2024-02-16T14:37:17.874Z", "user": 9, "content_type": 28, "object_id": "e0faf750-a327-4a52-9e0b-c4eb7c5e3e82", "object_repr": "Bernardo Cunha - 1000m - Pista Curta - 2024 - Indoor", "action_flag": 1, "change_message": "[{\"added\": {}}]"}}, {"model": "admin.logentry", "pk": 316, "fields": {"action_time": "2024-02-16T14:41:01.664Z", "user": 9, "content_type": 28, "object_id": "e0faf750-a327-4a52-9e0b-c4eb7c5e3e82", "object_repr": "Bernardo Cunha - 1000m - Pista Curta - 2024 - Indoor", "action_flag": 2, "change_message": "[{\"changed\": {\"fields\": [\"Competition result\", \"Competition result timing\"]}}]"}}, {"model": "admin.logentry", "pk": 317, "fields": {"action_time": "2024-02-16T14:41:22.101Z", "user": 9, "content_type": 28, "object_id": "e00a86f5-bbde-4fe6-8c4b-e3ae8861b9d4", "object_repr": "Gabriel Cunha - 60m - 2024 - Indoor", "action_flag": 2, "change_message": "[{\"changed\": {\"fields\": [\"Competition result timing\"]}}]"}}, {"model": "admin.logentry", "pk": 318, "fields": {"action_time": "2024-02-16T14:41:32.013Z", "user": 9, "content_type": 28, "object_id": "e00a86f5-bbde-4fe6-8c4b-e3ae8861b9d4", "object_repr": "Gabriel Cunha - 60m - 2024 - Indoor", "action_flag": 2, "change_message": "[{\"changed\": {\"fields\": [\"Competition result\"]}}]"}}, {"model": "admin.logentry", "pk": 319, "fields": {"action_time": "2024-02-16T14:41:39.155Z", "user": 9, "content_type": 28, "object_id": "e0faf750-a327-4a52-9e0b-c4eb7c5e3e82", "object_repr": "Bernardo Cunha - 1000m - Pista Curta - 2024 - Indoor", "action_flag": 2, "change_message": "[]"}}, {"model": "admin.logentry", "pk": 320, "fields": {"action_time": "2024-02-16T14:41:52.434Z", "user": 9, "content_type": 28, "object_id": "fcb7198d-f2a6-48b2-a046-bae1eecb18af", "object_repr": "Bernardo Cunha - 60m - 2024 - Indoor", "action_flag": 2, "change_message": "[{\"changed\": {\"fields\": [\"Competition result\", \"Competition result timing\"]}}]"}}, {"model": "admin.logentry", "pk": 321, "fields": {"action_time": "2024-02-16T14:41:55.711Z", "user": 9, "content_type": 28, "object_id": "fcb7198d-f2a6-48b2-a046-bae1eecb18af", "object_repr": "Bernardo Cunha - 60m - 2024 - Indoor", "action_flag": 2, "change_message": "[]"}}, {"model": "admin.logentry", "pk": 322, "fields": {"action_time": "2024-02-16T14:42:03.994Z", "user": 9, "content_type": 28, "object_id": "d9599296-3fb5-43f9-a143-cc7b237dc9c0", "object_repr": "Bernardo Cunha - 60m Bar - 0.99cm - 2024 - Indoor", "action_flag": 2, "change_message": "[{\"changed\": {\"fields\": [\"Competition result\", \"Competition result timing\"]}}]"}}, {"model": "admin.logentry", "pk": 323, "fields": {"action_time": "2024-02-16T14:42:06.982Z", "user": 9, "content_type": 28, "object_id": "d9599296-3fb5-43f9-a143-cc7b237dc9c0", "object_repr": "Bernardo Cunha - 60m Bar - 0.99cm - 2024 - Indoor", "action_flag": 2, "change_message": "[]"}}, {"model": "admin.logentry", "pk": 324, "fields": {"action_time": "2024-02-16T14:42:16.498Z", "user": 9, "content_type": 28, "object_id": "badfcf3d-8108-4de4-b9b9-721ab42e6305", "object_repr": "Gabriel Cunha - 1000m - Pista Curta - 2024 - Indoor", "action_flag": 2, "change_message": "[{\"changed\": {\"fields\": [\"Competition result\", \"Competition result timing\"]}}]"}}, {"model": "admin.logentry", "pk": 325, "fields": {"action_time": "2024-02-16T14:42:23.526Z", "user": 9, "content_type": 28, "object_id": "7d9edb12-ca39-433b-a03c-8c87fb92cb82", "object_repr": "Gabriel Cunha - 60m Bar - 0.91cm - 2024 - Indoor", "action_flag": 2, "change_message": "[{\"changed\": {\"fields\": [\"Competition result\", \"Competition result timing\"]}}]"}}, {"model": "admin.logentry", "pk": 326, "fields": {"action_time": "2024-02-16T14:43:38.638Z", "user": 9, "content_type": 28, "object_id": "ddb72026-826c-4bd5-8570-99b6cd274aab", "object_repr": "Bernardo Cunha - Heptatlo Sub20 - Short Track - 2024 - Indoor", "action_flag": 1, "change_message": "[{\"added\": {}}]"}}, {"model": "admin.logentry", "pk": 327, "fields": {"action_time": "2024-02-16T14:51:29.203Z", "user": 9, "content_type": 28, "object_id": "07ad74ab-1ce3-4cea-9abb-3f07560b34a0", "object_repr": "Bernardo Cunha - Salto com Vara - 2024 - Indoor", "action_flag": 1, "change_message": "[{\"added\": {}}]"}}, {"model": "admin.logentry", "pk": 328, "fields": {"action_time": "2024-02-16T14:51:39.893Z", "user": 9, "content_type": 28, "object_id": "ca159e4a-f8c4-46e3-9404-fda24240d0cd", "object_repr": "Gabriel Cunha - Salto com Vara - 2024 - Indoor", "action_flag": 3, "change_message": ""}}, {"model": "admin.logentry", "pk": 329, "fields": {"action_time": "2024-02-16T14:52:56.441Z", "user": 9, "content_type": 17, "object_id": "9c5f1069-0ddd-4068-8fae-7de0b434b20e", "object_repr": "Gabriel Cunha - 1999-01-01", "action_flag": 1, "change_message": "[{\"added\": {}}]"}}, {"model": "admin.logentry", "pk": 330, "fields": {"action_time": "2024-02-16T14:53:04.642Z", "user": 9, "content_type": 17, "object_id": "94fedaba-54da-4e11-9349-167ddb2e4bff", "object_repr": "Bernardo Cunha - 1999-01-01", "action_flag": 1, "change_message": "[{\"added\": {}}]"}}, {"model": "admin.logentry", "pk": 331, "fields": {"action_time": "2024-02-16T14:53:10.255Z", "user": 9, "content_type": 17, "object_id": "cc8a4bdb-4351-4908-9356-b6c2030b71b9", "object_repr": "Guilherme Tavares - 1999-01-01", "action_flag": 1, "change_message": "[{\"added\": {}}]"}}, {"model": "admin.logentry", "pk": 332, "fields": {"action_time": "2024-02-16T14:55:26.840Z", "user": 9, "content_type": 29, "object_id": "2d2674f7-9ea4-468d-a5d6-108560755878", "object_repr": "Gabriel Cunha - 1999-01-01", "action_flag": 1, "change_message": "[{\"added\": {}}]"}}, {"model": "admin.logentry", "pk": 333, "fields": {"action_time": "2024-02-16T14:55:33.222Z", "user": 9, "content_type": 29, "object_id": "7777b355-a481-4efb-ab32-308256c1ff60", "object_repr": "Bernardo Cunha - 1999-01-01", "action_flag": 1, "change_message": "[{\"added\": {}}]"}}, {"model": "admin.logentry", "pk": 334, "fields": {"action_time": "2024-02-16T14:55:39.444Z", "user": 9, "content_type": 29, "object_id": "07df5bb5-f67b-437a-aa7a-b4f890a1743a", "object_repr": "Guilherme Tavares - 1999-01-01", "action_flag": 1, "change_message": "[{\"added\": {}}]"}}, {"model": "admin.logentry", "pk": 335, "fields": {"action_time": "2024-02-16T14:57:54.397Z", "user": 9, "content_type": 14, "object_id": "3e3fca2e-9806-4279-b79d-d3a3ae7cbfbc", "object_repr": "Jumps", "action_flag": 1, "change_message": "[{\"added\": {}}]"}}, {"model": "admin.logentry", "pk": 336, "fields": {"action_time": "2024-02-16T14:57:57.963Z", "user": 9, "content_type": 14, "object_id": "c77cfef1-667b-401b-95bd-e77356f52e29", "object_repr": "Throws", "action_flag": 1, "change_message": "[{\"added\": {}}]"}}, {"model": "admin.logentry", "pk": 337, "fields": {"action_time": "2024-02-16T14:58:01.583Z", "user": 9, "content_type": 14, "object_id": "2bf278a5-aea3-4890-b48d-89931f5657ae", "object_repr": "Long distance, Middle Distance e Racewalking", "action_flag": 1, "change_message": "[{\"added\": {}}]"}}, {"model": "admin.logentry", "pk": 338, "fields": {"action_time": "2024-02-16T15:17:41.591Z", "user": 9, "content_type": 23, "object_id": "3a3a3f9c-6822-41fb-9db4-9aba4053f6eb", "object_repr": "Gabriel Cunha - 2023-10-10", "action_flag": 1, "change_message": "[{\"added\": {}}]"}}, {"model": "admin.logentry", "pk": 339, "fields": {"action_time": "2024-02-16T15:19:54.222Z", "user": 9, "content_type": 23, "object_id": "5b3602c7-69a6-4bc4-bce9-a9a22c5b90bd", "object_repr": "Bernardo Cunha - 2023-10-03", "action_flag": 1, "change_message": "[{\"added\": {}}]"}}, {"model": "admin.logentry", "pk": 340, "fields": {"action_time": "2024-02-16T15:21:23.122Z", "user": 9, "content_type": 23, "object_id": "32c9c1c6-5ac8-45cc-ae7b-a924de75b1f8", "object_repr": "Bernardo Cunha - 2023-12-06", "action_flag": 1, "change_message": "[{\"added\": {}}]"}}, {"model": "admin.logentry", "pk": 341, "fields": {"action_time": "2024-02-16T15:35:21.929Z", "user": 9, "content_type": 25, "object_id": "2", "object_repr": "Gabriel Cunha - 2023-10-10", "action_flag": 1, "change_message": "[{\"added\": {}}]"}}, {"model": "admin.logentry", "pk": 342, "fields": {"action_time": "2024-02-16T15:36:20.547Z", "user": 9, "content_type": 25, "object_id": "2", "object_repr": "Gabriel Cunha - 2023-10-10", "action_flag": 2, "change_message": "[{\"changed\": {\"fields\": [\"Obs\"]}}]"}}, {"model": "admin.logentry", "pk": 343, "fields": {"action_time": "2024-02-16T15:37:56.188Z", "user": 9, "content_type": 25, "object_id": "3", "object_repr": "Bernardo Cunha - 2023-04-27", "action_flag": 1, "change_message": "[{\"added\": {}}]"}}, {"model": "admin.logentry", "pk": 344, "fields": {"action_time": "2024-02-16T15:39:01.665Z", "user": 9, "content_type": 25, "object_id": "4", "object_repr": "Bernardo Cunha - 2023-12-07", "action_flag": 1, "change_message": "[{\"added\": {}}]"}}, {"model": "admin.logentry", "pk": 345, "fields": {"action_time": "2024-02-19T15:16:07.520Z", "user": 9, "content_type": 4, "object_id": "11", "object_repr": "roger_iribarne", "action_flag": 1, "change_message": "[{\"added\": {}}]"}}, {"model": "admin.logentry", "pk": 346, "fields": {"action_time": "2024-02-19T15:16:21.438Z", "user": 9, "content_type": 4, "object_id": "11", "object_repr": "roger_iribarne", "action_flag": 2, "change_message": "[{\"changed\": {\"fields\": [\"First name\", \"Last name\", \"Email address\"]}}]"}}, {"model": "admin.logentry", "pk": 347, "fields": {"action_time": "2024-02-19T15:18:06.014Z", "user": 9, "content_type": 7, "object_id": "ffba0bf2-7e64-49bc-b0f3-20330c17e5bf", "object_repr": "roger_iribarne", "action_flag": 1, "change_message": "[{\"added\": {}}]"}}, {"model": "admin.logentry", "pk": 348, "fields": {"action_time": "2024-02-19T15:18:46.350Z", "user": 9, "content_type": 4, "object_id": "12", "object_repr": "teste", "action_flag": 1, "change_message": "[{\"added\": {}}]"}}, {"model": "admin.logentry", "pk": 349, "fields": {"action_time": "2024-02-19T15:19:16.747Z", "user": 9, "content_type": 7, "object_id": "c7232696-1c3d-48b2-94ee-864da301b6d2", "object_repr": "j", "action_flag": 2, "change_message": "[{\"changed\": {\"fields\": [\"User\", \"Is athlete\", \"First name\", \"Last name\", \"Username\", \"Email\", \"Birth date\", \"Gender\", \"Birth place\"]}}]"}}, {"model": "admin.logentry", "pk": 350, "fields": {"action_time": "2024-02-19T15:19:29.694Z", "user": 9, "content_type": 7, "object_id": "c7232696-1c3d-48b2-94ee-864da301b6d2", "object_repr": "j", "action_flag": 3, "change_message": ""}}, {"model": "admin.logentry", "pk": 351, "fields": {"action_time": "2024-02-19T15:19:29.697Z", "user": 9, "content_type": 7, "object_id": "a88025ac-a620-47fe-904b-8cb080babb3b", "object_repr": "j", "action_flag": 3, "change_message": ""}}, {"model": "admin.logentry", "pk": 352, "fields": {"action_time": "2024-02-19T15:20:10.346Z", "user": 9, "content_type": 12, "object_id": "888a2e36-d4c4-4b80-8e36-638b48fac42a", "object_repr": "roger_iribarne - Speed", "action_flag": 1, "change_message": "[{\"added\": {}}]"}}, {"model": "admin.logentry", "pk": 353, "fields": {"action_time": "2024-02-19T15:20:45.857Z", "user": 9, "content_type": 4, "object_id": "13", "object_repr": "reynier_mena", "action_flag": 1, "change_message": "[{\"added\": {}}]"}}, {"model": "admin.logentry", "pk": 354, "fields": {"action_time": "2024-02-19T15:21:09.749Z", "user": 9, "content_type": 4, "object_id": "13", "object_repr": "reynier_mena", "action_flag": 2, "change_message": "[{\"changed\": {\"fields\": [\"First name\", \"Last name\", \"Email address\"]}}]"}}, {"model": "admin.logentry", "pk": 355, "fields": {"action_time": "2024-02-19T15:22:58.210Z", "user": 9, "content_type": 7, "object_id": "51c74dd2-203d-4e37-9a65-4dea5b5cd66c", "object_repr": "reynier_mena", "action_flag": 2, "change_message": "[{\"changed\": {\"fields\": [\"Is athlete\", \"First name\", \"Last name\", \"Email\", \"Profile image\", \"Birth date\", \"Gender\", \"Birth place\", \"Nationality\"]}}]"}}, {"model": "admin.logentry", "pk": 356, "fields": {"action_time": "2024-02-19T15:23:40.108Z", "user": 9, "content_type": 12, "object_id": "ecd3b156-3106-457b-8588-ffcab01ec1a2", "object_repr": "reynier_mena - Speed", "action_flag": 1, "change_message": "[{\"added\": {}}]"}}, {"model": "admin.logentry", "pk": 357, "fields": {"action_time": "2024-02-19T15:25:10.430Z", "user": 9, "content_type": 7, "object_id": "ef6225c0-07c1-4f79-ad1a-4df18d78fe52", "object_repr": "admin", "action_flag": 2, "change_message": "[{\"changed\": {\"fields\": [\"Is staff\", \"First name\", \"Last name\", \"Birth date\", \"Gender\"]}}]"}}, {"model": "admin.logentry", "pk": 358, "fields": {"action_time": "2024-02-19T15:26:48.936Z", "user": 9, "content_type": 7, "object_id": "d1a9303d-ed7d-4a64-9a24-efec2c461d07", "object_repr": "guilherme_tavares", "action_flag": 2, "change_message": "[{\"changed\": {\"fields\": [\"Profile image\"]}}]"}}, {"model": "admin.logentry", "pk": 359, "fields": {"action_time": "2024-02-19T15:27:53.866Z", "user": 9, "content_type": 4, "object_id": "14", "object_repr": "arialis_martinez", "action_flag": 1, "change_message": "[{\"added\": {}}]"}}, {"model": "admin.logentry", "pk": 360, "fields": {"action_time": "2024-02-19T15:28:06.261Z", "user": 9, "content_type": 4, "object_id": "14", "object_repr": "arialis_martinez", "action_flag": 2, "change_message": "[{\"changed\": {\"fields\": [\"First name\", \"Last name\", \"Email address\"]}}]"}}, {"model": "admin.logentry", "pk": 361, "fields": {"action_time": "2024-02-19T15:29:41.557Z", "user": 9, "content_type": 7, "object_id": "4bfbcc79-61b7-48ba-9a38-62e52be252ff", "object_repr": "arialis_martinez", "action_flag": 2, "change_message": "[{\"changed\": {\"fields\": [\"Is athlete\", \"First name\", \"Last name\", \"Email\", \"Profile image\", \"Birth date\", \"Gender\", \"Birth place\", \"Nationality\"]}}]"}}, {"model": "admin.logentry", "pk": 362, "fields": {"action_time": "2024-02-19T15:30:07.073Z", "user": 9, "content_type": 12, "object_id": "393f3527-9a33-49ab-8cfb-27709f751e03", "object_repr": "arialis_martinez - Speed", "action_flag": 1, "change_message": "[{\"added\": {}}]"}}, {"model": "admin.logentry", "pk": 363, "fields": {"action_time": "2024-02-19T15:30:46.544Z", "user": 9, "content_type": 4, "object_id": "15", "object_repr": "sisinio_ambris", "action_flag": 1, "change_message": "[{\"added\": {}}]"}}, {"model": "admin.logentry", "pk": 364, "fields": {"action_time": "2024-02-19T15:30:56.834Z", "user": 9, "content_type": 4, "object_id": "15", "object_repr": "sisinio_ambris", "action_flag": 2, "change_message": "[{\"changed\": {\"fields\": [\"First name\", \"Last name\", \"Email address\"]}}]"}}, {"model": "admin.logentry", "pk": 365, "fields": {"action_time": "2024-02-19T15:31:54.580Z", "user": 9, "content_type": 7, "object_id": "83c3b66b-01bf-460e-9945-6f06a063db56", "object_repr": "sisinio_ambris", "action_flag": 2, "change_message": "[{\"changed\": {\"fields\": [\"Is athlete\", \"First name\", \"Last name\", \"Email\", \"Birth date\", \"Gender\", \"Birth place\", \"Nationality\"]}}]"}}, {"model": "admin.logentry", "pk": 366, "fields": {"action_time": "2024-02-19T15:32:19.174Z", "user": 9, "content_type": 12, "object_id": "3e7f6404-8ef6-4a5f-9fa2-e0f32efdffa7", "object_repr": "sisinio_ambris - Speed", "action_flag": 1, "change_message": "[{\"added\": {}}]"}}, {"model": "admin.logentry", "pk": 367, "fields": {"action_time": "2024-02-19T15:32:59.189Z", "user": 9, "content_type": 7, "object_id": "83c3b66b-01bf-460e-9945-6f06a063db56", "object_repr": "sisinio_ambris", "action_flag": 2, "change_message": "[{\"changed\": {\"fields\": [\"Profile image\"]}}]"}}, {"model": "admin.logentry", "pk": 368, "fields": {"action_time": "2024-02-19T15:35:55.092Z", "user": 9, "content_type": 7, "object_id": "ef6225c0-07c1-4f79-ad1a-4df18d78fe52", "object_repr": "admin", "action_flag": 2, "change_message": "[{\"changed\": {\"fields\": [\"Profile image\"]}}]"}}, {"model": "admin.logentry", "pk": 369, "fields": {"action_time": "2024-02-19T15:36:55.282Z", "user": 9, "content_type": 29, "object_id": "722ed1ff-de2f-4c33-b1b3-c79be7bc783f", "object_repr": "Roger Iribarne - 1999-02-19", "action_flag": 1, "change_message": "[{\"added\": {}}]"}}, {"model": "admin.logentry", "pk": 370, "fields": {"action_time": "2024-02-19T15:37:04.341Z", "user": 9, "content_type": 29, "object_id": "c89b8916-3d32-4526-9367-f8c1f4614288", "object_repr": "Reynier Mena - 1999-02-19", "action_flag": 1, "change_message": "[{\"added\": {}}]"}}, {"model": "admin.logentry", "pk": 371, "fields": {"action_time": "2024-02-19T15:37:10.081Z", "user": 9, "content_type": 29, "object_id": "21453b3c-c71a-41eb-be71-cf4d02267c99", "object_repr": "Arialis Martinez - 1999-02-19", "action_flag": 1, "change_message": "[{\"added\": {}}]"}}, {"model": "admin.logentry", "pk": 372, "fields": {"action_time": "2024-02-19T15:37:15.577Z", "user": 9, "content_type": 29, "object_id": "f6e1c18a-175b-4408-8ef7-8ba9c83a66f4", "object_repr": "Sisinio Ambriz - 1999-02-19", "action_flag": 1, "change_message": "[{\"added\": {}}]"}}, {"model": "admin.logentry", "pk": 373, "fields": {"action_time": "2024-02-19T15:37:30.597Z", "user": 9, "content_type": 17, "object_id": "b7e77400-0346-4b1e-8f3b-f7e760ead5ee", "object_repr": "Roger Iribarne - 1999-02-19", "action_flag": 1, "change_message": "[{\"added\": {}}]"}}, {"model": "admin.logentry", "pk": 374, "fields": {"action_time": "2024-02-19T15:37:37.323Z", "user": 9, "content_type": 17, "object_id": "fbaaa830-3db4-4240-9845-4514a93124e3", "object_repr": "Reynier Mena - 1999-02-19", "action_flag": 1, "change_message": "[{\"added\": {}}]"}}, {"model": "admin.logentry", "pk": 375, "fields": {"action_time": "2024-02-19T15:37:45.324Z", "user": 9, "content_type": 17, "object_id": "49fba8ef-fd55-478c-b8b2-d5d796b74219", "object_repr": "Arialis Martinez - 1999-02-19", "action_flag": 1, "change_message": "[{\"added\": {}}]"}}, {"model": "admin.logentry", "pk": 376, "fields": {"action_time": "2024-02-19T15:37:52.580Z", "user": 9, "content_type": 17, "object_id": "60b06044-499d-4daf-9f25-87f73c0733d9", "object_repr": "Sisinio Ambriz - 1999-02-19", "action_flag": 1, "change_message": "[{\"added\": {}}]"}}, {"model": "admin.logentry", "pk": 377, "fields": {"action_time": "2024-02-19T15:40:42.595Z", "user": 9, "content_type": 23, "object_id": "6689f4f2-c9a8-49c0-acfd-6c213627874f", "object_repr": "Roger Iribarne - 2023-10-16", "action_flag": 1, "change_message": "[{\"added\": {}}]"}}, {"model": "admin.logentry", "pk": 378, "fields": {"action_time": "2024-02-19T15:42:21.860Z", "user": 9, "content_type": 23, "object_id": "7d980aa5-ed6b-42bc-8448-30155e5592d1", "object_repr": "Roger Iribarne - 2023-11-20", "action_flag": 1, "change_message": "[{\"added\": {}}]"}}, {"model": "admin.logentry", "pk": 379, "fields": {"action_time": "2024-02-19T15:46:54.676Z", "user": 9, "content_type": 23, "object_id": "a334cc78-a774-4ec8-842a-6086f450e311", "object_repr": "Arialis Martinez - 2023-10-16", "action_flag": 1, "change_message": "[{\"added\": {}}]"}}, {"model": "admin.logentry", "pk": 380, "fields": {"action_time": "2024-02-19T15:48:49.644Z", "user": 9, "content_type": 23, "object_id": "fd1b02f2-ba5f-4d6d-b5fe-7082644e65e5", "object_repr": "Arialis Martinez - 2023-11-20", "action_flag": 1, "change_message": "[{\"added\": {}}]"}}, {"model": "admin.logentry", "pk": 381, "fields": {"action_time": "2024-02-19T15:51:49.594Z", "user": 9, "content_type": 23, "object_id": "387ee9d2-9384-45d8-821f-9bae137649e6", "object_repr": "Reynier Mena - 2023-10-16", "action_flag": 1, "change_message": "[{\"added\": {}}]"}}, {"model": "admin.logentry", "pk": 382, "fields": {"action_time": "2024-02-19T15:53:27.489Z", "user": 9, "content_type": 23, "object_id": "821c39ca-ca22-48ef-b5e0-67dc75e59375", "object_repr": "Reynier Mena - 2023-11-20", "action_flag": 1, "change_message": "[{\"added\": {}}]"}}, {"model": "admin.logentry", "pk": 383, "fields": {"action_time": "2024-02-19T15:55:04.125Z", "user": 9, "content_type": 23, "object_id": "72caaf77-e658-446e-80cf-f7ab977b2706", "object_repr": "Sisinio Ambriz - 2023-10-16", "action_flag": 1, "change_message": "[{\"added\": {}}]"}}, {"model": "admin.logentry", "pk": 384, "fields": {"action_time": "2024-02-19T15:58:45.043Z", "user": 9, "content_type": 23, "object_id": "db531af5-1242-461e-885c-5857ec2629a7", "object_repr": "Sisinio Ambriz - 2023-11-20", "action_flag": 1, "change_message": "[{\"added\": {}}]"}}, {"model": "admin.logentry", "pk": 385, "fields": {"action_time": "2024-02-19T16:00:14.131Z", "user": 9, "content_type": 23, "object_id": "db531af5-1242-461e-885c-5857ec2629a7", "object_repr": "Sisinio Ambriz - 2023-11-20", "action_flag": 2, "change_message": "[{\"changed\": {\"fields\": [\"Hams right\", \"Hams left\"]}}]"}}, {"model": "admin.logentry", "pk": 386, "fields": {"action_time": "2024-02-19T16:23:45.689Z", "user": 9, "content_type": 15, "object_id": "f483b943-cd48-4e31-868d-61f57535a0e2", "object_repr": "Reynier Mena - Meeting", "action_flag": 1, "change_message": "[{\"added\": {}}]"}}, {"model": "admin.logentry", "pk": 387, "fields": {"action_time": "2024-02-19T16:24:12.851Z", "user": 9, "content_type": 18, "object_id": "d8843620-f0d5-4401-8500-9c274103ac2c", "object_repr": "100m", "action_flag": 1, "change_message": "[{\"added\": {}}]"}}, {"model": "admin.logentry", "pk": 388, "fields": {"action_time": "2024-02-19T16:25:17.226Z", "user": 9, "content_type": 15, "object_id": "33d44fa1-4a38-4ffc-939d-768b61f0ad58", "object_repr": "Reynier Mena - Meeting", "action_flag": 1, "change_message": "[{\"added\": {}}]"}}, {"model": "admin.logentry", "pk": 389, "fields": {"action_time": "2024-02-19T16:25:32.740Z", "user": 9, "content_type": 18, "object_id": "73ca33cd-c574-4dde-9c2f-d1b49eea8c58", "object_repr": "200m", "action_flag": 1, "change_message": "[{\"added\": {}}]"}}, {"model": "admin.logentry", "pk": 390, "fields": {"action_time": "2024-02-19T16:27:25.362Z", "user": 9, "content_type": 15, "object_id": "7e12214e-9a23-46c3-8eac-a8fca0fb4936", "object_repr": "Reynier Mena - Meeting", "action_flag": 1, "change_message": "[{\"added\": {}}]"}}, {"model": "admin.logentry", "pk": 391, "fields": {"action_time": "2024-02-19T16:28:08.284Z", "user": 9, "content_type": 15, "object_id": "62b17198-bd98-4bb2-b551-05cd6998180e", "object_repr": "Reynier Mena - Meeting", "action_flag": 1, "change_message": "[{\"added\": {}}]"}}, {"model": "admin.logentry", "pk": 392, "fields": {"action_time": "2024-02-19T17:13:44.362Z", "user": 9, "content_type": 15, "object_id": "f483b943-cd48-4e31-868d-61f57535a0e2", "object_repr": "Reynier Mena - Meeting", "action_flag": 2, "change_message": "[{\"changed\": {\"fields\": [\"Competition wind\"]}}]"}}, {"model": "admin.logentry", "pk": 393, "fields": {"action_time": "2024-02-19T17:14:12.191Z", "user": 9, "content_type": 15, "object_id": "62b17198-bd98-4bb2-b551-05cd6998180e", "object_repr": "Reynier Mena - Meeting", "action_flag": 2, "change_message": "[{\"changed\": {\"fields\": [\"Competition wind\"]}}]"}}, {"model": "admin.logentry", "pk": 394, "fields": {"action_time": "2024-02-22T11:38:23.170Z", "user": 9, "content_type": 15, "object_id": "900d0b5e-4826-47b4-a45c-b17c5f5d11a7", "object_repr": "Reynier Mena - None", "action_flag": 1, "change_message": "[{\"added\": {}}]"}}, {"model": "admin.logentry", "pk": 395, "fields": {"action_time": "2024-02-22T11:38:30.955Z", "user": 9, "content_type": 15, "object_id": "900d0b5e-4826-47b4-a45c-b17c5f5d11a7", "object_repr": "Reynier Mena - Meeting", "action_flag": 2, "change_message": "[{\"changed\": {\"fields\": [\"Competition name\"]}}]"}}, {"model": "admin.logentry", "pk": 396, "fields": {"action_time": "2024-02-22T11:39:24.248Z", "user": 9, "content_type": 15, "object_id": "ed7b4d8e-60a0-4f61-9f4f-359a2bcaec21", "object_repr": "Reynier Mena - None", "action_flag": 1, "change_message": "[{\"added\": {}}]"}}, {"model": "admin.logentry", "pk": 397, "fields": {"action_time": "2024-02-22T11:40:02.709Z", "user": 9, "content_type": 15, "object_id": "fa146171-a8e6-464f-beba-76db91ece54d", "object_repr": "Reynier Mena - None", "action_flag": 1, "change_message": "[{\"added\": {}}]"}}, {"model": "admin.logentry", "pk": 398, "fields": {"action_time": "2024-02-22T11:40:38.470Z", "user": 9, "content_type": 15, "object_id": "523da8a1-4103-45b4-a699-efcc30b66939", "object_repr": "Reynier Mena - None", "action_flag": 1, "change_message": "[{\"added\": {}}]"}}, {"model": "admin.logentry", "pk": 399, "fields": {"action_time": "2024-02-22T11:41:08.448Z", "user": 9, "content_type": 15, "object_id": "6fe4d08c-a929-4c39-b869-ead8b9926268", "object_repr": "Reynier Mena - None", "action_flag": 1, "change_message": "[{\"added\": {}}]"}}, {"model": "admin.logentry", "pk": 400, "fields": {"action_time": "2024-02-22T11:41:46.734Z", "user": 9, "content_type": 15, "object_id": "623ad1eb-3c72-499b-aa8e-f4afce1fb0ed", "object_repr": "Reynier Mena - None", "action_flag": 1, "change_message": "[{\"added\": {}}]"}}, {"model": "admin.logentry", "pk": 401, "fields": {"action_time": "2024-02-22T11:42:07.968Z", "user": 9, "content_type": 15, "object_id": "523da8a1-4103-45b4-a699-efcc30b66939", "object_repr": "Reynier Mena - None", "action_flag": 2, "change_message": "[{\"changed\": {\"fields\": [\"Competition wind\"]}}]"}}, {"model": "admin.logentry", "pk": 402, "fields": {"action_time": "2024-02-22T11:42:12.965Z", "user": 9, "content_type": 15, "object_id": "fa146171-a8e6-464f-beba-76db91ece54d", "object_repr": "Reynier Mena - None", "action_flag": 2, "change_message": "[{\"changed\": {\"fields\": [\"Competition wind\"]}}]"}}, {"model": "admin.logentry", "pk": 403, "fields": {"action_time": "2024-02-22T11:42:17.013Z", "user": 9, "content_type": 15, "object_id": "ed7b4d8e-60a0-4f61-9f4f-359a2bcaec21", "object_repr": "Reynier Mena - None", "action_flag": 2, "change_message": "[{\"changed\": {\"fields\": [\"Competition wind\"]}}]"}}, {"model": "admin.logentry", "pk": 404, "fields": {"action_time": "2024-02-22T11:42:23.600Z", "user": 9, "content_type": 15, "object_id": "6fe4d08c-a929-4c39-b869-ead8b9926268", "object_repr": "Reynier Mena - None", "action_flag": 2, "change_message": "[{\"changed\": {\"fields\": [\"Competition wind\"]}}]"}}, {"model": "admin.logentry", "pk": 405, "fields": {"action_time": "2024-02-22T11:42:27.741Z", "user": 9, "content_type": 15, "object_id": "623ad1eb-3c72-499b-aa8e-f4afce1fb0ed", "object_repr": "Reynier Mena - None", "action_flag": 2, "change_message": "[{\"changed\": {\"fields\": [\"Competition wind\"]}}]"}}, {"model": "admin.logentry", "pk": 406, "fields": {"action_time": "2024-02-22T11:48:23.888Z", "user": 9, "content_type": 15, "object_id": "623ad1eb-3c72-499b-aa8e-f4afce1fb0ed", "object_repr": "Reynier Mena - None", "action_flag": 2, "change_message": "[{\"changed\": {\"fields\": [\"Competition result timing\"]}}]"}}, {"model": "admin.logentry", "pk": 407, "fields": {"action_time": "2024-02-22T12:11:16.958Z", "user": 9, "content_type": 15, "object_id": "ed7b4d8e-60a0-4f61-9f4f-359a2bcaec21", "object_repr": "Reynier Mena - None - 2023-06-02 - 100m", "action_flag": 2, "change_message": "[{\"changed\": {\"fields\": [\"Competition date\", \"Competition result timing\"]}}]"}}, {"model": "admin.logentry", "pk": 408, "fields": {"action_time": "2024-02-22T12:12:23.632Z", "user": 9, "content_type": 15, "object_id": "3c7ce7dd-818c-4839-90c3-5297bd91f975", "object_repr": "Reynier Mena - None - 2018-03-15 - 100m", "action_flag": 1, "change_message": "[{\"added\": {}}]"}}, {"model": "admin.logentry", "pk": 409, "fields": {"action_time": "2024-02-22T12:12:55.615Z", "user": 9, "content_type": 15, "object_id": "6ddd9f9a-6c59-47a1-a911-02d1a70bb5bf", "object_repr": "Reynier Mena - None - 2019-02-22 - 100m", "action_flag": 1, "change_message": "[{\"added\": {}}]"}}, {"model": "admin.logentry", "pk": 410, "fields": {"action_time": "2024-02-22T12:13:39.939Z", "user": 9, "content_type": 15, "object_id": "0b98ce56-1868-4068-bb91-ce50fb6dd853", "object_repr": "Reynier Mena - None - 2020-04-09 - 100m", "action_flag": 1, "change_message": "[{\"added\": {}}]"}}, {"model": "admin.logentry", "pk": 411, "fields": {"action_time": "2024-02-22T12:14:01.191Z", "user": 9, "content_type": 15, "object_id": "0b98ce56-1868-4068-bb91-ce50fb6dd853", "object_repr": "Reynier Mena - None - 2021-04-09 - 100m", "action_flag": 2, "change_message": "[{\"changed\": {\"fields\": [\"Competition date\"]}}]"}}, {"model": "admin.logentry", "pk": 412, "fields": {"action_time": "2024-02-22T12:14:41.259Z", "user": 9, "content_type": 15, "object_id": "70b21e99-3cb1-4bf4-98e8-6ceed925fd85", "object_repr": "Reynier Mena - None - 2020-03-06 - 100m", "action_flag": 1, "change_message": "[{\"added\": {}}]"}}, {"model": "admin.logentry", "pk": 413, "fields": {"action_time": "2024-02-22T12:15:10.222Z", "user": 9, "content_type": 15, "object_id": "3c7ce7dd-818c-4839-90c3-5297bd91f975", "object_repr": "Reynier Mena - None - 2018-03-15 - 100m", "action_flag": 2, "change_message": "[{\"changed\": {\"fields\": [\"Competition wind\"]}}]"}}, {"model": "admin.logentry", "pk": 414, "fields": {"action_time": "2024-02-22T12:15:16.852Z", "user": 9, "content_type": 15, "object_id": "6ddd9f9a-6c59-47a1-a911-02d1a70bb5bf", "object_repr": "Reynier Mena - None - 2019-02-22 - 100m", "action_flag": 2, "change_message": "[{\"changed\": {\"fields\": [\"Competition wind\"]}}]"}}, {"model": "admin.logentry", "pk": 415, "fields": {"action_time": "2024-02-22T12:15:24.644Z", "user": 9, "content_type": 15, "object_id": "70b21e99-3cb1-4bf4-98e8-6ceed925fd85", "object_repr": "Reynier Mena - None - 2020-03-06 - 100m", "action_flag": 2, "change_message": "[{\"changed\": {\"fields\": [\"Competition wind\"]}}]"}}, {"model": "admin.logentry", "pk": 416, "fields": {"action_time": "2024-02-22T12:15:36.199Z", "user": 9, "content_type": 15, "object_id": "0b98ce56-1868-4068-bb91-ce50fb6dd853", "object_repr": "Reynier Mena - None - 2021-04-09 - 100m", "action_flag": 2, "change_message": "[{\"changed\": {\"fields\": [\"Competition wind\"]}}]"}}, {"model": "admin.logentry", "pk": 417, "fields": {"action_time": "2024-02-22T12:17:06.528Z", "user": 9, "content_type": 15, "object_id": "867e2aa7-395e-4a13-9471-fc4aede00b5f", "object_repr": "Reynier Mena - None - 2011-05-27 - 200m", "action_flag": 1, "change_message": "[{\"added\": {}}]"}}, {"model": "admin.logentry", "pk": 418, "fields": {"action_time": "2024-02-22T12:17:34.542Z", "user": 9, "content_type": 15, "object_id": "f3af0b9f-570a-4deb-9b46-2077aa3aa522", "object_repr": "Reynier Mena - None - 2012-05-27 - 200m", "action_flag": 1, "change_message": "[{\"added\": {}}]"}}, {"model": "admin.logentry", "pk": 419, "fields": {"action_time": "2024-02-22T12:18:01.113Z", "user": 9, "content_type": 15, "object_id": "a8bba025-16fb-41e4-a259-9d3ec9872036", "object_repr": "Reynier Mena - None - 2013-08-24 - 200m", "action_flag": 1, "change_message": "[{\"added\": {}}]"}}, {"model": "admin.logentry", "pk": 420, "fields": {"action_time": "2024-02-22T12:18:34.936Z", "user": 9, "content_type": 15, "object_id": "ee7efcb9-b901-4c53-b8f2-247da8a3b82f", "object_repr": "Reynier Mena - None - 2014-11-27 - 200m", "action_flag": 1, "change_message": "[{\"added\": {}}]"}}, {"model": "admin.logentry", "pk": 421, "fields": {"action_time": "2024-02-22T12:21:20.577Z", "user": 9, "content_type": 15, "object_id": "3e04f0cc-27f3-446e-8295-35f805bdf3e8", "object_repr": "Reynier Mena - None - 2015-07-23 - 200m", "action_flag": 1, "change_message": "[{\"added\": {}}]"}}, {"model": "admin.logentry", "pk": 422, "fields": {"action_time": "2024-02-22T12:21:55.318Z", "user": 9, "content_type": 15, "object_id": "b3d69d95-8ade-4f6a-b80a-791954dc7d0c", "object_repr": "Reynier Mena - None - 2016-07-17 - 200m", "action_flag": 1, "change_message": "[{\"added\": {}}]"}}, {"model": "admin.logentry", "pk": 423, "fields": {"action_time": "2024-02-22T12:22:46.588Z", "user": 9, "content_type": 15, "object_id": "79919761-b2c7-4ef1-9ef1-fd0599393fed", "object_repr": "Reynier Mena - None - 2017-02-25 - 200m", "action_flag": 1, "change_message": "[{\"added\": {}}]"}}, {"model": "admin.logentry", "pk": 424, "fields": {"action_time": "2024-02-22T12:23:13.719Z", "user": 9, "content_type": 15, "object_id": "f76c5298-a7ef-40b4-8e5b-dd1760b184d8", "object_repr": "Reynier Mena - None - 2018-07-31 - 200m", "action_flag": 1, "change_message": "[{\"added\": {}}]"}}, {"model": "admin.logentry", "pk": 425, "fields": {"action_time": "2024-02-22T12:23:35.997Z", "user": 9, "content_type": 15, "object_id": "b2182978-3c2c-4dcb-82b1-981c38925d1f", "object_repr": "Reynier Mena - None - 2019-02-23 - 200m", "action_flag": 1, "change_message": "[{\"added\": {}}]"}}, {"model": "admin.logentry", "pk": 426, "fields": {"action_time": "2024-02-22T12:24:04.273Z", "user": 9, "content_type": 15, "object_id": "03c60ad5-9c7a-48f8-b086-d18fcf8f4c72", "object_repr": "Reynier Mena - None - 2020-03-21 - 200m", "action_flag": 1, "change_message": "[{\"added\": {}}]"}}, {"model": "admin.logentry", "pk": 427, "fields": {"action_time": "2024-02-22T12:24:50.625Z", "user": 9, "content_type": 15, "object_id": "eafa2a06-f9ff-432a-88fa-72b42a31e79e", "object_repr": "Reynier Mena - None - 2021-05-28 - 200m", "action_flag": 1, "change_message": "[{\"added\": {}}]"}}, {"model": "admin.logentry", "pk": 428, "fields": {"action_time": "2024-02-22T12:25:19.959Z", "user": 9, "content_type": 15, "object_id": "54ceb015-1c94-451c-85d8-0260cf369bbf", "object_repr": "Reynier Mena - None - 2022-07-03 - 200m", "action_flag": 1, "change_message": "[{\"added\": {}}]"}}, {"model": "admin.logentry", "pk": 429, "fields": {"action_time": "2024-02-22T12:25:49.550Z", "user": 9, "content_type": 15, "object_id": "30677dca-da04-40cd-9f66-180d5188368e", "object_repr": "Reynier Mena - None - 2023-05-24 - 200m", "action_flag": 1, "change_message": "[{\"added\": {}}]"}}, {"model": "admin.logentry", "pk": 430, "fields": {"action_time": "2024-02-22T12:52:46.359Z", "user": 9, "content_type": 28, "object_id": "01490bfd-a88d-4b0c-9152-38d4e6e76f48", "object_repr": "Reynier Mena - 60m - 2024 - Indoor", "action_flag": 1, "change_message": "[{\"added\": {}}]"}}, {"model": "admin.logentry", "pk": 431, "fields": {"action_time": "2024-02-22T14:05:41.633Z", "user": 9, "content_type": 28, "object_id": "badfcf3d-8108-4de4-b9b9-721ab42e6305", "object_repr": "Gabriel Cunha - 1000m - Pista Curta - 2024 - Indoor", "action_flag": 2, "change_message": "[]"}}, {"model": "admin.logentry", "pk": 432, "fields": {"action_time": "2024-02-22T14:05:53.340Z", "user": 9, "content_type": 28, "object_id": "01490bfd-a88d-4b0c-9152-38d4e6e76f48", "object_repr": "Reynier Mena - 60m - 2024 - Indoor", "action_flag": 2, "change_message": "[]"}}, {"model": "admin.logentry", "pk": 433, "fields": {"action_time": "2024-02-22T14:07:07.120Z", "user": 9, "content_type": 28, "object_id": "fcb7198d-f2a6-48b2-a046-bae1eecb18af", "object_repr": "Bernardo Cunha - 60m - 2024 - Indoor", "action_flag": 2, "change_message": "[{\"changed\": {\"fields\": [\"Competition result\"]}}]"}}, {"model": "admin.logentry", "pk": 434, "fields": {"action_time": "2024-02-22T14:07:18.434Z", "user": 9, "content_type": 28, "object_id": "e0faf750-a327-4a52-9e0b-c4eb7c5e3e82", "object_repr": "Bernardo Cunha - 1000m - Pista Curta - 2024 - Indoor", "action_flag": 2, "change_message": "[{\"changed\": {\"fields\": [\"Competition result\"]}}]"}}, {"model": "admin.logentry", "pk": 435, "fields": {"action_time": "2024-02-22T14:07:22.625Z", "user": 9, "content_type": 28, "object_id": "fcb7198d-f2a6-48b2-a046-bae1eecb18af", "object_repr": "Bernardo Cunha - 60m - 2024 - Indoor", "action_flag": 2, "change_message": "[{\"changed\": {\"fields\": [\"Competition result\"]}}]"}}, {"model": "admin.logentry", "pk": 436, "fields": {"action_time": "2024-02-22T14:07:30.300Z", "user": 9, "content_type": 28, "object_id": "e00a86f5-bbde-4fe6-8c4b-e3ae8861b9d4", "object_repr": "Gabriel Cunha - 60m - 2024 - Indoor", "action_flag": 2, "change_message": "[{\"changed\": {\"fields\": [\"Competition result\"]}}]"}}, {"model": "admin.logentry", "pk": 437, "fields": {"action_time": "2024-02-22T14:07:36.488Z", "user": 9, "content_type": 28, "object_id": "d9599296-3fb5-43f9-a143-cc7b237dc9c0", "object_repr": "Bernardo Cunha - 60m Bar - 0.99cm - 2024 - Indoor", "action_flag": 2, "change_message": "[{\"changed\": {\"fields\": [\"Competition result\"]}}]"}}, {"model": "admin.logentry", "pk": 438, "fields": {"action_time": "2024-02-22T14:07:43.553Z", "user": 9, "content_type": 28, "object_id": "badfcf3d-8108-4de4-b9b9-721ab42e6305", "object_repr": "Gabriel Cunha - 1000m - Pista Curta - 2024 - Indoor", "action_flag": 2, "change_message": "[{\"changed\": {\"fields\": [\"Competition result\"]}}]"}}, {"model": "admin.logentry", "pk": 439, "fields": {"action_time": "2024-02-22T14:07:51.860Z", "user": 9, "content_type": 28, "object_id": "7d9edb12-ca39-433b-a03c-8c87fb92cb82", "object_repr": "Gabriel Cunha - 60m Bar - 0.91cm - 2024 - Indoor", "action_flag": 2, "change_message": "[{\"changed\": {\"fields\": [\"Competition result\"]}}]"}}, {"model": "admin.logentry", "pk": 440, "fields": {"action_time": "2024-02-22T14:08:01.884Z", "user": 9, "content_type": 28, "object_id": "01490bfd-a88d-4b0c-9152-38d4e6e76f48", "object_repr": "Reynier Mena - 60m - 2024 - Indoor", "action_flag": 2, "change_message": "[{\"changed\": {\"fields\": [\"Competition result\"]}}]"}}, {"model": "admin.logentry", "pk": 441, "fields": {"action_time": "2024-02-22T14:18:18.857Z", "user": 9, "content_type": 15, "object_id": "fa146171-a8e6-464f-beba-76db91ece54d", "object_repr": "Reynier Mena - None - 2013-07-11 - 100m", "action_flag": 2, "change_message": "[{\"changed\": {\"fields\": [\"Result\"]}}]"}}, {"model": "admin.logentry", "pk": 442, "fields": {"action_time": "2024-02-22T14:18:44.558Z", "user": 9, "content_type": 15, "object_id": "ed7b4d8e-60a0-4f61-9f4f-359a2bcaec21", "object_repr": "Reynier Mena - None - 2023-06-02 - 100m", "action_flag": 2, "change_message": "[{\"changed\": {\"fields\": [\"Result\"]}}]"}}, {"model": "admin.logentry", "pk": 443, "fields": {"action_time": "2024-02-22T14:18:52.090Z", "user": 9, "content_type": 15, "object_id": "900d0b5e-4826-47b4-a45c-b17c5f5d11a7", "object_repr": "Reynier Mena - Meeting - 2011-05-26 - 100m", "action_flag": 2, "change_message": "[{\"changed\": {\"fields\": [\"Result\"]}}]"}}, {"model": "admin.logentry", "pk": 444, "fields": {"action_time": "2024-02-22T14:19:04.012Z", "user": 9, "content_type": 15, "object_id": "70b21e99-3cb1-4bf4-98e8-6ceed925fd85", "object_repr": "Reynier Mena - None - 2020-03-06 - 100m", "action_flag": 2, "change_message": "[{\"changed\": {\"fields\": [\"Result\"]}}]"}}, {"model": "admin.logentry", "pk": 445, "fields": {"action_time": "2024-02-22T14:19:12.426Z", "user": 9, "content_type": 15, "object_id": "6fe4d08c-a929-4c39-b869-ead8b9926268", "object_repr": "Reynier Mena - None - 2015-07-31 - 100m", "action_flag": 2, "change_message": "[{\"changed\": {\"fields\": [\"Result\"]}}]"}}, {"model": "admin.logentry", "pk": 446, "fields": {"action_time": "2024-02-22T14:19:20.344Z", "user": 9, "content_type": 15, "object_id": "6ddd9f9a-6c59-47a1-a911-02d1a70bb5bf", "object_repr": "Reynier Mena - None - 2019-02-22 - 100m", "action_flag": 2, "change_message": "[{\"changed\": {\"fields\": [\"Result\"]}}]"}}, {"model": "admin.logentry", "pk": 447, "fields": {"action_time": "2024-02-22T14:19:35.866Z", "user": 9, "content_type": 15, "object_id": "623ad1eb-3c72-499b-aa8e-f4afce1fb0ed", "object_repr": "Reynier Mena - None - 2017-03-15 - 100m", "action_flag": 2, "change_message": "[{\"changed\": {\"fields\": [\"Result\"]}}]"}}, {"model": "admin.logentry", "pk": 448, "fields": {"action_time": "2024-02-22T14:19:51.679Z", "user": 9, "content_type": 15, "object_id": "0b98ce56-1868-4068-bb91-ce50fb6dd853", "object_repr": "Reynier Mena - None - 2021-04-09 - 100m", "action_flag": 2, "change_message": "[{\"changed\": {\"fields\": [\"Result\"]}}]"}}, {"model": "admin.logentry", "pk": 449, "fields": {"action_time": "2024-02-22T14:20:08.420Z", "user": 9, "content_type": 15, "object_id": "33d44fa1-4a38-4ffc-939d-768b61f0ad58", "object_repr": "Reynier Mena - Meeting - 2022-07-03 - 100m", "action_flag": 2, "change_message": "[{\"changed\": {\"fields\": [\"Result\"]}}]"}}, {"model": "admin.logentry", "pk": 450, "fields": {"action_time": "2024-02-22T14:20:15.613Z", "user": 9, "content_type": 15, "object_id": "3c7ce7dd-818c-4839-90c3-5297bd91f975", "object_repr": "Reynier Mena - None - 2018-03-15 - 100m", "action_flag": 2, "change_message": "[{\"changed\": {\"fields\": [\"Result\"]}}]"}}, {"model": "admin.logentry", "pk": 451, "fields": {"action_time": "2024-02-22T14:20:21.618Z", "user": 9, "content_type": 15, "object_id": "523da8a1-4103-45b4-a699-efcc30b66939", "object_repr": "Reynier Mena - None - 2014-11-03 - 100m", "action_flag": 2, "change_message": "[{\"changed\": {\"fields\": [\"Result\"]}}]"}}, {"model": "admin.logentry", "pk": 452, "fields": {"action_time": "2024-02-22T14:35:06.476Z", "user": 9, "content_type": 15, "object_id": "f76c5298-a7ef-40b4-8e5b-dd1760b184d8", "object_repr": "Reynier Mena - None - 2018-07-31 - 200m", "action_flag": 2, "change_message": "[{\"changed\": {\"fields\": [\"Result\"]}}]"}}, {"model": "admin.logentry", "pk": 453, "fields": {"action_time": "2024-02-22T14:35:16.672Z", "user": 9, "content_type": 15, "object_id": "f3af0b9f-570a-4deb-9b46-2077aa3aa522", "object_repr": "Reynier Mena - None - 2012-05-27 - 200m", "action_flag": 2, "change_message": "[{\"changed\": {\"fields\": [\"Result\"]}}]"}}, {"model": "admin.logentry", "pk": 454, "fields": {"action_time": "2024-02-22T14:35:25.005Z", "user": 9, "content_type": 15, "object_id": "ee7efcb9-b901-4c53-b8f2-247da8a3b82f", "object_repr": "Reynier Mena - None - 2014-11-27 - 200m", "action_flag": 2, "change_message": "[{\"changed\": {\"fields\": [\"Result\"]}}]"}}, {"model": "admin.logentry", "pk": 455, "fields": {"action_time": "2024-02-22T14:35:33.242Z", "user": 9, "content_type": 15, "object_id": "eafa2a06-f9ff-432a-88fa-72b42a31e79e", "object_repr": "Reynier Mena - None - 2021-05-28 - 200m", "action_flag": 2, "change_message": "[{\"changed\": {\"fields\": [\"Result\"]}}]"}}, {"model": "admin.logentry", "pk": 456, "fields": {"action_time": "2024-02-22T14:35:42.055Z", "user": 9, "content_type": 15, "object_id": "b3d69d95-8ade-4f6a-b80a-791954dc7d0c", "object_repr": "Reynier Mena - None - 2016-07-17 - 200m", "action_flag": 2, "change_message": "[{\"changed\": {\"fields\": [\"Result\"]}}]"}}, {"model": "admin.logentry", "pk": 457, "fields": {"action_time": "2024-02-22T14:35:51.658Z", "user": 9, "content_type": 15, "object_id": "b2182978-3c2c-4dcb-82b1-981c38925d1f", "object_repr": "Reynier Mena - None - 2019-02-23 - 200m", "action_flag": 2, "change_message": "[{\"changed\": {\"fields\": [\"Result\"]}}]"}}, {"model": "admin.logentry", "pk": 458, "fields": {"action_time": "2024-02-22T14:36:01.966Z", "user": 9, "content_type": 15, "object_id": "a8bba025-16fb-41e4-a259-9d3ec9872036", "object_repr": "Reynier Mena - None - 2013-08-24 - 200m", "action_flag": 2, "change_message": "[{\"changed\": {\"fields\": [\"Result\"]}}]"}}, {"model": "admin.logentry", "pk": 459, "fields": {"action_time": "2024-02-22T14:36:09.348Z", "user": 9, "content_type": 15, "object_id": "867e2aa7-395e-4a13-9471-fc4aede00b5f", "object_repr": "Reynier Mena - None - 2011-05-27 - 200m", "action_flag": 2, "change_message": "[{\"changed\": {\"fields\": [\"Result\"]}}]"}}, {"model": "admin.logentry", "pk": 460, "fields": {"action_time": "2024-02-22T14:36:16.755Z", "user": 9, "content_type": 15, "object_id": "7e12214e-9a23-46c3-8eac-a8fca0fb4936", "object_repr": "Reynier Mena - Meeting - 2022-07-03 - 200m", "action_flag": 2, "change_message": "[{\"changed\": {\"fields\": [\"Result\"]}}]"}}, {"model": "admin.logentry", "pk": 461, "fields": {"action_time": "2024-02-22T14:36:31.807Z", "user": 9, "content_type": 15, "object_id": "3e04f0cc-27f3-446e-8295-35f805bdf3e8", "object_repr": "Reynier Mena - None - 2015-07-23 - 200m", "action_flag": 2, "change_message": "[{\"changed\": {\"fields\": [\"Result\"]}}]"}}, {"model": "admin.logentry", "pk": 462, "fields": {"action_time": "2024-02-22T14:36:47.751Z", "user": 9, "content_type": 15, "object_id": "30677dca-da04-40cd-9f66-180d5188368e", "object_repr": "Reynier Mena - None - 2023-05-24 - 200m", "action_flag": 2, "change_message": "[{\"changed\": {\"fields\": [\"Result\"]}}]"}}, {"model": "admin.logentry", "pk": 463, "fields": {"action_time": "2024-02-22T14:36:57.581Z", "user": 9, "content_type": 15, "object_id": "03c60ad5-9c7a-48f8-b086-d18fcf8f4c72", "object_repr": "Reynier Mena - None - 2020-03-21 - 200m", "action_flag": 2, "change_message": "[{\"changed\": {\"fields\": [\"Result\"]}}]"}}, {"model": "admin.logentry", "pk": 464, "fields": {"action_time": "2024-02-22T14:49:11.268Z", "user": 9, "content_type": 15, "object_id": "79919761-b2c7-4ef1-9ef1-fd0599393fed", "object_repr": "21.09 - Reynier Mena - None - 2017-02-25 - 200m", "action_flag": 2, "change_message": "[{\"changed\": {\"fields\": [\"Result\"]}}]"}}, {"model": "admin.logentry", "pk": 465, "fields": {"action_time": "2024-02-22T14:49:45.932Z", "user": 9, "content_type": 15, "object_id": "f483b943-cd48-4e31-868d-61f57535a0e2", "object_repr": "6.58 - Reynier Mena - Meeting - 2024-01-27 - 60m", "action_flag": 2, "change_message": "[{\"changed\": {\"fields\": [\"Result\"]}}]"}}, {"model": "admin.logentry", "pk": 466, "fields": {"action_time": "2024-02-22T14:50:33.659Z", "user": 9, "content_type": 15, "object_id": "54ceb015-1c94-451c-85d8-0260cf369bbf", "object_repr": "19.63 - Reynier Mena - None - 2022-07-03 - 200m", "action_flag": 2, "change_message": "[{\"changed\": {\"fields\": [\"Result\"]}}]"}}, {"model": "admin.logentry", "pk": 467, "fields": {"action_time": "2024-02-22T14:50:44.006Z", "user": 9, "content_type": 15, "object_id": "62b17198-bd98-4bb2-b551-05cd6998180e", "object_repr": "None - Reynier Mena - Meeting - 2023-02-02 - 200m - Pista Curta", "action_flag": 3, "change_message": ""}}, {"model": "admin.logentry", "pk": 468, "fields": {"action_time": "2024-02-29T14:09:30.238Z", "user": 9, "content_type": 15, "object_id": "7e12214e-9a23-46c3-8eac-a8fca0fb4936", "object_repr": "Reynier Mena - Meeting - 2022-07-03 - 200m", "action_flag": 3, "change_message": ""}}, {"model": "auth.permission", "pk": 1, "fields": {"name": "Can add log entry", "content_type": 1, "codename": "add_logentry"}}, {"model": "auth.permission", "pk": 2, "fields": {"name": "Can change log entry", "content_type": 1, "codename": "change_logentry"}}, {"model": "auth.permission", "pk": 3, "fields": {"name": "Can delete log entry", "content_type": 1, "codename": "delete_logentry"}}, {"model": "auth.permission", "pk": 4, "fields": {"name": "Can view log entry", "content_type": 1, "codename": "view_logentry"}}, {"model": "auth.permission", "pk": 5, "fields": {"name": "Can add permission", "content_type": 2, "codename": "add_permission"}}, {"model": "auth.permission", "pk": 6, "fields": {"name": "Can change permission", "content_type": 2, "codename": "change_permission"}}, {"model": "auth.permission", "pk": 7, "fields": {"name": "Can delete permission", "content_type": 2, "codename": "delete_permission"}}, {"model": "auth.permission", "pk": 8, "fields": {"name": "Can view permission", "content_type": 2, "codename": "view_permission"}}, {"model": "auth.permission", "pk": 9, "fields": {"name": "Can add group", "content_type": 3, "codename": "add_group"}}, {"model": "auth.permission", "pk": 10, "fields": {"name": "Can change group", "content_type": 3, "codename": "change_group"}}, {"model": "auth.permission", "pk": 11, "fields": {"name": "Can delete group", "content_type": 3, "codename": "delete_group"}}, {"model": "auth.permission", "pk": 12, "fields": {"name": "Can view group", "content_type": 3, "codename": "view_group"}}, {"model": "auth.permission", "pk": 13, "fields": {"name": "Can add user", "content_type": 4, "codename": "add_user"}}, {"model": "auth.permission", "pk": 14, "fields": {"name": "Can change user", "content_type": 4, "codename": "change_user"}}, {"model": "auth.permission", "pk": 15, "fields": {"name": "Can delete user", "content_type": 4, "codename": "delete_user"}}, {"model": "auth.permission", "pk": 16, "fields": {"name": "Can view user", "content_type": 4, "codename": "view_user"}}, {"model": "auth.permission", "pk": 17, "fields": {"name": "Can add content type", "content_type": 5, "codename": "add_contenttype"}}, {"model": "auth.permission", "pk": 18, "fields": {"name": "Can change content type", "content_type": 5, "codename": "change_contenttype"}}, {"model": "auth.permission", "pk": 19, "fields": {"name": "Can delete content type", "content_type": 5, "codename": "delete_contenttype"}}, {"model": "auth.permission", "pk": 20, "fields": {"name": "Can view content type", "content_type": 5, "codename": "view_contenttype"}}, {"model": "auth.permission", "pk": 21, "fields": {"name": "Can add session", "content_type": 6, "codename": "add_session"}}, {"model": "auth.permission", "pk": 22, "fields": {"name": "Can change session", "content_type": 6, "codename": "change_session"}}, {"model": "auth.permission", "pk": 23, "fields": {"name": "Can delete session", "content_type": 6, "codename": "delete_session"}}, {"model": "auth.permission", "pk": 24, "fields": {"name": "Can view session", "content_type": 6, "codename": "view_session"}}, {"model": "auth.permission", "pk": 25, "fields": {"name": "Can add profile", "content_type": 7, "codename": "add_profile"}}, {"model": "auth.permission", "pk": 26, "fields": {"name": "Can change profile", "content_type": 7, "codename": "change_profile"}}, {"model": "auth.permission", "pk": 27, "fields": {"name": "Can delete profile", "content_type": 7, "codename": "delete_profile"}}, {"model": "auth.permission", "pk": 28, "fields": {"name": "Can view profile", "content_type": 7, "codename": "view_profile"}}, {"model": "auth.permission", "pk": 29, "fields": {"name": "Can add athletics event", "content_type": 8, "codename": "add_athleticsevent"}}, {"model": "auth.permission", "pk": 30, "fields": {"name": "Can change athletics event", "content_type": 8, "codename": "change_athleticsevent"}}, {"model": "auth.permission", "pk": 31, "fields": {"name": "Can delete athletics event", "content_type": 8, "codename": "delete_athleticsevent"}}, {"model": "auth.permission", "pk": 32, "fields": {"name": "Can view athletics event", "content_type": 8, "codename": "view_athleticsevent"}}, {"model": "auth.permission", "pk": 33, "fields": {"name": "Can add techincal team", "content_type": 9, "codename": "add_techincalteam"}}, {"model": "auth.permission", "pk": 34, "fields": {"name": "Can change techincal team", "content_type": 9, "codename": "change_techincalteam"}}, {"model": "auth.permission", "pk": 35, "fields": {"name": "Can delete techincal team", "content_type": 9, "codename": "delete_techincalteam"}}, {"model": "auth.permission", "pk": 36, "fields": {"name": "Can view techincal team", "content_type": 9, "codename": "view_techincalteam"}}, {"model": "auth.permission", "pk": 37, "fields": {"name": "Can add athlete", "content_type": 10, "codename": "add_athlete"}}, {"model": "auth.permission", "pk": 38, "fields": {"name": "Can change athlete", "content_type": 10, "codename": "change_athlete"}}, {"model": "auth.permission", "pk": 39, "fields": {"name": "Can delete athlete", "content_type": 10, "codename": "delete_athlete"}}, {"model": "auth.permission", "pk": 40, "fields": {"name": "Can view athlete", "content_type": 10, "codename": "view_athlete"}}, {"model": "auth.permission", "pk": 41, "fields": {"name": "Can add staff", "content_type": 11, "codename": "add_staff"}}, {"model": "auth.permission", "pk": 42, "fields": {"name": "Can change staff", "content_type": 11, "codename": "change_staff"}}, {"model": "auth.permission", "pk": 43, "fields": {"name": "Can delete staff", "content_type": 11, "codename": "delete_staff"}}, {"model": "auth.permission", "pk": 44, "fields": {"name": "Can view staff", "content_type": 11, "codename": "view_staff"}}, {"model": "auth.permission", "pk": 45, "fields": {"name": "Can add athlete", "content_type": 12, "codename": "add_athlete"}}, {"model": "auth.permission", "pk": 46, "fields": {"name": "Can change athlete", "content_type": 12, "codename": "change_athlete"}}, {"model": "auth.permission", "pk": 47, "fields": {"name": "Can delete athlete", "content_type": 12, "codename": "delete_athlete"}}, {"model": "auth.permission", "pk": 48, "fields": {"name": "Can view athlete", "content_type": 12, "codename": "view_athlete"}}, {"model": "auth.permission", "pk": 49, "fields": {"name": "Can add athletics event", "content_type": 13, "codename": "add_athleticsevent"}}, {"model": "auth.permission", "pk": 50, "fields": {"name": "Can change athletics event", "content_type": 13, "codename": "change_athleticsevent"}}, {"model": "auth.permission", "pk": 51, "fields": {"name": "Can delete athletics event", "content_type": 13, "codename": "delete_athleticsevent"}}, {"model": "auth.permission", "pk": 52, "fields": {"name": "Can view athletics event", "content_type": 13, "codename": "view_athleticsevent"}}, {"model": "auth.permission", "pk": 53, "fields": {"name": "Can add athletics event group", "content_type": 14, "codename": "add_athleticseventgroup"}}, {"model": "auth.permission", "pk": 54, "fields": {"name": "Can change athletics event group", "content_type": 14, "codename": "change_athleticseventgroup"}}, {"model": "auth.permission", "pk": 55, "fields": {"name": "Can delete athletics event group", "content_type": 14, "codename": "delete_athleticseventgroup"}}, {"model": "auth.permission", "pk": 56, "fields": {"name": "Can view athletics event group", "content_type": 14, "codename": "view_athleticseventgroup"}}, {"model": "auth.permission", "pk": 57, "fields": {"name": "Can add competition", "content_type": 15, "codename": "add_competition"}}, {"model": "auth.permission", "pk": 58, "fields": {"name": "Can change competition", "content_type": 15, "codename": "change_competition"}}, {"model": "auth.permission", "pk": 59, "fields": {"name": "Can delete competition", "content_type": 15, "codename": "delete_competition"}}, {"model": "auth.permission", "pk": 60, "fields": {"name": "Can view competition", "content_type": 15, "codename": "view_competition"}}, {"model": "auth.permission", "pk": 61, "fields": {"name": "Can add staff", "content_type": 16, "codename": "add_staff"}}, {"model": "auth.permission", "pk": 62, "fields": {"name": "Can change staff", "content_type": 16, "codename": "change_staff"}}, {"model": "auth.permission", "pk": 63, "fields": {"name": "Can delete staff", "content_type": 16, "codename": "delete_staff"}}, {"model": "auth.permission", "pk": 64, "fields": {"name": "Can view staff", "content_type": 16, "codename": "view_staff"}}, {"model": "auth.permission", "pk": 65, "fields": {"name": "Can add wellness daily", "content_type": 17, "codename": "add_wellnessdaily"}}, {"model": "auth.permission", "pk": 66, "fields": {"name": "Can change wellness daily", "content_type": 17, "codename": "change_wellnessdaily"}}, {"model": "auth.permission", "pk": 67, "fields": {"name": "Can delete wellness daily", "content_type": 17, "codename": "delete_wellnessdaily"}}, {"model": "auth.permission", "pk": 68, "fields": {"name": "Can view wellness daily", "content_type": 17, "codename": "view_wellnessdaily"}}, {"model": "auth.permission", "pk": 69, "fields": {"name": "Can add competition event", "content_type": 18, "codename": "add_competitionevent"}}, {"model": "auth.permission", "pk": 70, "fields": {"name": "Can change competition event", "content_type": 18, "codename": "change_competitionevent"}}, {"model": "auth.permission", "pk": 71, "fields": {"name": "Can delete competition event", "content_type": 18, "codename": "delete_competitionevent"}}, {"model": "auth.permission", "pk": 72, "fields": {"name": "Can view competition event", "content_type": 18, "codename": "view_competitionevent"}}, {"model": "auth.permission", "pk": 73, "fields": {"name": "Can add strength training", "content_type": 19, "codename": "add_strengthtraining"}}, {"model": "auth.permission", "pk": 74, "fields": {"name": "Can change strength training", "content_type": 19, "codename": "change_strengthtraining"}}, {"model": "auth.permission", "pk": 75, "fields": {"name": "Can delete strength training", "content_type": 19, "codename": "delete_strengthtraining"}}, {"model": "auth.permission", "pk": 76, "fields": {"name": "Can view strength training", "content_type": 19, "codename": "view_strengthtraining"}}, {"model": "auth.permission", "pk": 77, "fields": {"name": "Can add jumps training", "content_type": 20, "codename": "add_jumpstraining"}}, {"model": "auth.permission", "pk": 78, "fields": {"name": "Can change jumps training", "content_type": 20, "codename": "change_jumpstraining"}}, {"model": "auth.permission", "pk": 79, "fields": {"name": "Can delete jumps training", "content_type": 20, "codename": "delete_jumpstraining"}}, {"model": "auth.permission", "pk": 80, "fields": {"name": "Can view jumps training", "content_type": 20, "codename": "view_jumpstraining"}}, {"model": "auth.permission", "pk": 81, "fields": {"name": "Can add strength", "content_type": 21, "codename": "add_strength"}}, {"model": "auth.permission", "pk": 82, "fields": {"name": "Can change strength", "content_type": 21, "codename": "change_strength"}}, {"model": "auth.permission", "pk": 83, "fields": {"name": "Can delete strength", "content_type": 21, "codename": "delete_strength"}}, {"model": "auth.permission", "pk": 84, "fields": {"name": "Can view strength", "content_type": 21, "codename": "view_strength"}}, {"model": "auth.permission", "pk": 85, "fields": {"name": "Can add speed", "content_type": 22, "codename": "add_speed"}}, {"model": "auth.permission", "pk": 86, "fields": {"name": "Can change speed", "content_type": 22, "codename": "change_speed"}}, {"model": "auth.permission", "pk": 87, "fields": {"name": "Can delete speed", "content_type": 22, "codename": "delete_speed"}}, {"model": "auth.permission", "pk": 88, "fields": {"name": "Can view speed", "content_type": 22, "codename": "view_speed"}}, {"model": "auth.permission", "pk": 89, "fields": {"name": "Can add evaluation", "content_type": 23, "codename": "add_evaluation"}}, {"model": "auth.permission", "pk": 90, "fields": {"name": "Can change evaluation", "content_type": 23, "codename": "change_evaluation"}}, {"model": "auth.permission", "pk": 91, "fields": {"name": "Can delete evaluation", "content_type": 23, "codename": "delete_evaluation"}}, {"model": "auth.permission", "pk": 92, "fields": {"name": "Can view evaluation", "content_type": 23, "codename": "view_evaluation"}}, {"model": "auth.permission", "pk": 93, "fields": {"name": "Can add training programme", "content_type": 24, "codename": "add_trainingprogramme"}}, {"model": "auth.permission", "pk": 94, "fields": {"name": "Can change training programme", "content_type": 24, "codename": "change_trainingprogramme"}}, {"model": "auth.permission", "pk": 95, "fields": {"name": "Can delete training programme", "content_type": 24, "codename": "delete_trainingprogramme"}}, {"model": "auth.permission", "pk": 96, "fields": {"name": "Can view training programme", "content_type": 24, "codename": "view_trainingprogramme"}}, {"model": "auth.permission", "pk": 97, "fields": {"name": "Can add antropometric data", "content_type": 25, "codename": "add_antropometricdata"}}, {"model": "auth.permission", "pk": 98, "fields": {"name": "Can change antropometric data", "content_type": 25, "codename": "change_antropometricdata"}}, {"model": "auth.permission", "pk": 99, "fields": {"name": "Can delete antropometric data", "content_type": 25, "codename": "delete_antropometricdata"}}, {"model": "auth.permission", "pk": 100, "fields": {"name": "Can view antropometric data", "content_type": 25, "codename": "view_antropometricdata"}}, {"model": "auth.permission", "pk": 101, "fields": {"name": "Can add injury", "content_type": 26, "codename": "add_injury"}}, {"model": "auth.permission", "pk": 102, "fields": {"name": "Can change injury", "content_type": 26, "codename": "change_injury"}}, {"model": "auth.permission", "pk": 103, "fields": {"name": "Can delete injury", "content_type": 26, "codename": "delete_injury"}}, {"model": "auth.permission", "pk": 104, "fields": {"name": "Can view injury", "content_type": 26, "codename": "view_injury"}}, {"model": "auth.permission", "pk": 105, "fields": {"name": "Can add athletics curriculum", "content_type": 27, "codename": "add_athleticscurriculum"}}, {"model": "auth.permission", "pk": 106, "fields": {"name": "Can change athletics curriculum", "content_type": 27, "codename": "change_athleticscurriculum"}}, {"model": "auth.permission", "pk": 107, "fields": {"name": "Can delete athletics curriculum", "content_type": 27, "codename": "delete_athleticscurriculum"}}, {"model": "auth.permission", "pk": 108, "fields": {"name": "Can view athletics curriculum", "content_type": 27, "codename": "view_athleticscurriculum"}}, {"model": "auth.permission", "pk": 109, "fields": {"name": "Can add goals", "content_type": 28, "codename": "add_goals"}}, {"model": "auth.permission", "pk": 110, "fields": {"name": "Can change goals", "content_type": 28, "codename": "change_goals"}}, {"model": "auth.permission", "pk": 111, "fields": {"name": "Can delete goals", "content_type": 28, "codename": "delete_goals"}}, {"model": "auth.permission", "pk": 112, "fields": {"name": "Can view goals", "content_type": 28, "codename": "view_goals"}}, {"model": "auth.permission", "pk": 113, "fields": {"name": "Can add load control", "content_type": 29, "codename": "add_loadcontrol"}}, {"model": "auth.permission", "pk": 114, "fields": {"name": "Can change load control", "content_type": 29, "codename": "change_loadcontrol"}}, {"model": "auth.permission", "pk": 115, "fields": {"name": "Can delete load control", "content_type": 29, "codename": "delete_loadcontrol"}}, {"model": "auth.permission", "pk": 116, "fields": {"name": "Can view load control", "content_type": 29, "codename": "view_loadcontrol"}}, {"model": "auth.user", "pk": 7, "fields": {"password": "pbkdf2_sha256$600000$VMMT7xMoU7tVlv0K8HSDEv$SGdOGUE9jDPkIRqhs0tMBNv6x4TCct/SYGa+J8/oCXU=", "last_login": "2024-02-16T14:26:22.128Z", "is_superuser": false, "username": "gabriel_cunha", "first_name": "Gabriel", "last_name": "Cunha", "email": "gabrielcunhaao8@gmail.com", "is_staff": false, "is_active": true, "date_joined": "2024-02-12T10:22:13Z", "groups": [], "user_permissions": []}}, {"model": "auth.user", "pk": 8, "fields": {"password": "pbkdf2_sha256$600000$hFcp0iTdzBtwXgDcsKcdNT$o1BI3UOrPPIuRFe9bR5tGHfaTGJ3GL+zjEWTx1yaUlM=", "last_login": "2024-02-16T15:39:47.088Z", "is_superuser": false, "username": "bernardo_cunha", "first_name": "Bernardo", "last_name": "Cunha", "email": "bernardocunha58@gmail.com", "is_staff": false, "is_active": true, "date_joined": "2024-02-12T10:31:09Z", "groups": [], "user_permissions": []}}, {"model": "auth.user", "pk": 9, "fields": {"password": "pbkdf2_sha256$600000$PNDNRWPoT9w8Txi44DGF2C$vqTh/cxNy0VhG/P0z+kxmvJNXjJg+D0ITn8JxOa3xLk=", "last_login": "2024-02-29T11:39:53.465Z", "is_superuser": true, "username": "admin", "first_name": "admin", "last_name": "admin", "email": "samuelremedios@hotmail.com", "is_staff": true, "is_active": true, "date_joined": "2024-02-12T10:44:46.343Z", "groups": [], "user_permissions": []}}, {"model": "auth.user", "pk": 10, "fields": {"password": "pbkdf2_sha256$600000$3kiDcT9CszUZr19BzZASCU$D8tSIvfcw+32GpxvXOcJmof2rGmW/QWzW/DPNSVpHJU=", "last_login": null, "is_superuser": false, "username": "guilherme_tavares", "first_name": "Guilherme", "last_name": "Tavares", "email": "guilhermetavares05@outlook.pt", "is_staff": false, "is_active": true, "date_joined": "2024-02-12T10:48:08Z", "groups": [], "user_permissions": []}}, {"model": "auth.user", "pk": 11, "fields": {"password": "pbkdf2_sha256$600000$OSIoslh1J31pttDgB89c0E$5C2LwMDpip62r0IXID2EielIGcusTCAWhZN3ywc1tKA=", "last_login": null, "is_superuser": false, "username": "roger_iribarne", "first_name": "Roger", "last_name": "Iribarne", "email": "teste@hotmail.com", "is_staff": false, "is_active": true, "date_joined": "2024-02-19T15:16:07Z", "groups": [], "user_permissions": []}}, {"model": "auth.user", "pk": 13, "fields": {"password": "pbkdf2_sha256$600000$qonVQrDvfSYSMYhcjsvljg$G8HWHic607KfF8io0j6KYr42+7IzPxBM0MFqSXZz93M=", "last_login": null, "is_superuser": false, "username": "reynier_mena", "first_name": "Reynier", "last_name": "Mena", "email": "teste@hotmail.com", "is_staff": false, "is_active": true, "date_joined": "2024-02-19T15:20:45Z", "groups": [], "user_permissions": []}}, {"model": "auth.user", "pk": 14, "fields": {"password": "pbkdf2_sha256$600000$hOZYa4HtF4TUP9WOSjbvxk$Tr9q5p/eekoMOPVdjUKEUJapr8o//Im0RWhLZm12UWo=", "last_login": null, "is_superuser": false, "username": "arialis_martinez", "first_name": "Arialis", "last_name": "Martinez", "email": "teste@hotmail.com", "is_staff": false, "is_active": true, "date_joined": "2024-02-19T15:27:53Z", "groups": [], "user_permissions": []}}, {"model": "auth.user", "pk": 15, "fields": {"password": "pbkdf2_sha256$600000$4sobXHRMgY2qz7Am6F4x5B$9whvRJkvf26NPsyjbeAHfOU21dy3s5S3XljvgCxAIvc=", "last_login": null, "is_superuser": false, "username": "sisinio_ambris", "first_name": "Sisinio", "last_name": "Ambriz", "email": "teste@hotmail.com", "is_staff": false, "is_active": true, "date_joined": "2024-02-19T15:30:46Z", "groups": [], "user_permissions": []}}, {"model": "contenttypes.contenttype", "pk": 1, "fields": {"app_label": "admin", "model": "logentry"}}, {"model": "contenttypes.contenttype", "pk": 2, "fields": {"app_label": "auth", "model": "permission"}}, {"model": "contenttypes.contenttype", "pk": 3, "fields": {"app_label": "auth", "model": "group"}}, {"model": "contenttypes.contenttype", "pk": 4, "fields": {"app_label": "auth", "model": "user"}}, {"model": "contenttypes.contenttype", "pk": 5, "fields": {"app_label": "contenttypes", "model": "contenttype"}}, {"model": "contenttypes.contenttype", "pk": 6, "fields": {"app_label": "sessions", "model": "session"}}, {"model": "contenttypes.contenttype", "pk": 7, "fields": {"app_label": "users", "model": "profile"}}, {"model": "contenttypes.contenttype", "pk": 8, "fields": {"app_label": "users", "model": "athleticsevent"}}, {"model": "contenttypes.contenttype", "pk": 9, "fields": {"app_label": "users", "model": "techincalteam"}}, {"model": "contenttypes.contenttype", "pk": 10, "fields": {"app_label": "users", "model": "athlete"}}, {"model": "contenttypes.contenttype", "pk": 11, "fields": {"app_label": "users", "model": "staff"}}, {"model": "contenttypes.contenttype", "pk": 12, "fields": {"app_label": "athletes", "model": "athlete"}}, {"model": "contenttypes.contenttype", "pk": 13, "fields": {"app_label": "athletes", "model": "athleticsevent"}}, {"model": "contenttypes.contenttype", "pk": 14, "fields": {"app_label": "athletes", "model": "athleticseventgroup"}}, {"model": "contenttypes.contenttype", "pk": 15, "fields": {"app_label": "competitions", "model": "competition"}}, {"model": "contenttypes.contenttype", "pk": 16, "fields": {"app_label": "staffs", "model": "staff"}}, {"model": "contenttypes.contenttype", "pk": 17, "fields": {"app_label": "wellness", "model": "wellnessdaily"}}, {"model": "contenttypes.contenttype", "pk": 18, "fields": {"app_label": "competitions", "model": "competitionevent"}}, {"model": "contenttypes.contenttype", "pk": 19, "fields": {"app_label": "training", "model": "strengthtraining"}}, {"model": "contenttypes.contenttype", "pk": 20, "fields": {"app_label": "training", "model": "jumpstraining"}}, {"model": "contenttypes.contenttype", "pk": 21, "fields": {"app_label": "control_evaluation", "model": "strength"}}, {"model": "contenttypes.contenttype", "pk": 22, "fields": {"app_label": "control_evaluation", "model": "speed"}}, {"model": "contenttypes.contenttype", "pk": 23, "fields": {"app_label": "physiology", "model": "evaluation"}}, {"model": "contenttypes.contenttype", "pk": 24, "fields": {"app_label": "training_programme", "model": "trainingprogramme"}}, {"model": "contenttypes.contenttype", "pk": 25, "fields": {"app_label": "nutrition", "model": "antropometricdata"}}, {"model": "contenttypes.contenttype", "pk": 26, "fields": {"app_label": "physiotherapy", "model": "injury"}}, {"model": "contenttypes.contenttype", "pk": 27, "fields": {"app_label": "competitions", "model": "athleticscurriculum"}}, {"model": "contenttypes.contenttype", "pk": 28, "fields": {"app_label": "training_programme", "model": "goals"}}, {"model": "contenttypes.contenttype", "pk": 29, "fields": {"app_label": "wellness", "model": "loadcontrol"}}, {"model": "sessions.session", "pk": "65jqcu4x707xfn8fehuzs9v9pgi5scdf", "fields": {"session_data": ".eJxVjDsOwjAQBe_iGll24s8uJT1nsNa7DgkgR4qTCnF3iJQC2jcz76USbeuYtlaWNIk6K6tOv1smfpS6A7lTvc2a57ouU9a7og_a9HWW8rwc7t_BSG381tFEUzhkRLE8IEXK4BmMc9SxHRyg7YkCFHQce4QInespZGEZvEdR7w_iwjfu:1qaugs:BTurN8GiwNjkX9iOXKQKexPL9ifSjsc79UuDTyNKL2Q", "expire_date": "2023-09-12T09:07:14.678Z"}}, {"model": "sessions.session", "pk": "765i17p84k2fbslqqf2ucs2k3taz1ikm", "fields": {"session_data": ".eJxVjDsOwjAQBe_iGll24s8uJT1nsNa7DgkgR4qTCnF3iJQC2jcz76USbeuYtlaWNIk6K6tOv1smfpS6A7lTvc2a57ouU9a7og_a9HWW8rwc7t_BSG381tFEUzhkRLE8IEXK4BmMc9SxHRyg7YkCFHQce4QInespZGEZvEdR7w_iwjfu:1qafBv:kMA0CRk9HuWM8ZVANkzJrg4Ke9lBu9PNFCyZVDqiqeE", "expire_date": "2023-09-11T16:34:15.328Z"}}, {"model": "sessions.session", "pk": "8p07idh6zn4kdtiy8jzgrtce2nifd50y", "fields": {"session_data": ".eJxVjMEOwiAQRP-FsyELKQt69O43EJZdpGpoUtqT8d9tkx70OPPezFvFtC41rl3mOLK6qLM6_XaU8lPaDviR2n3SeWrLPJLeFX3Qrm8Ty-t6uH8HNfW6rU0AYCLMWJwv3gKbIWAKJIwU7GCCZyeFMmK24iExe_SGtwzgBNXnC-0oOA4:1rZTqG:g3pCeOg7vMsX2B3qJqOlWZbuRxYYX4ZW2p5Yl6B18Z0", "expire_date": "2024-02-26T10:47:16.666Z"}}, {"model": "sessions.session", "pk": "94vu5qn22e4gq2zwaznn4pp9x9caee4h", "fields": {"session_data": ".eJxVjDsOwjAQBe_iGll24s8uJT1nsNa7DgkgR4qTCnF3iJQC2jcz76USbeuYtlaWNIk6K6tOv1smfpS6A7lTvc2a57ouU9a7og_a9HWW8rwc7t_BSG381tFEUzhkRLE8IEXK4BmMc9SxHRyg7YkCFHQce4QInespZGEZvEdR7w_iwjfu:1rBhKE:eCpEcQWHq5LYHDVX17d4WyJHCGDhamQXfT9UmnGYd-w", "expire_date": "2023-12-22T20:19:54.846Z"}}, {"model": "sessions.session", "pk": "cyxkp3s5bi5in6vqi47qpv1a1aicsgcg", "fields": {"session_data": ".eJxVjDsOwjAQBe_iGll24s8uJT1nsNa7DgkgR4qTCnF3iJQC2jcz76USbeuYtlaWNIk6K6tOv1smfpS6A7lTvc2a57ouU9a7og_a9HWW8rwc7t_BSG381tFEUzhkRLE8IEXK4BmMc9SxHRyg7YkCFHQce4QInespZGEZvEdR7w_iwjfu:1qY8Ki:_qhWhbvDeT82b4KmzHGZNweEugCFmKlwE8NriYVk5vE", "expire_date": "2023-09-04T17:04:52.702Z"}}, {"model": "sessions.session", "pk": "dzsnvk06s2nx8negqkoc83pfud8m6lps", "fields": {"session_data": ".eJxVjDsOwjAQBe_iGll24s8uJT1nsNa7DgkgR4qTCnF3iJQC2jcz76USbeuYtlaWNIk6K6tOv1smfpS6A7lTvc2a57ouU9a7og_a9HWW8rwc7t_BSG381tFEUzhkRLE8IEXK4BmMc9SxHRyg7YkCFHQce4QInespZGEZvEdR7w_iwjfu:1r4feD:FQLj-k-hsAeG5Nu-lbonfQI8p5tBUPVRcNPatrbH1D4", "expire_date": "2023-12-03T11:07:29.708Z"}}, {"model": "sessions.session", "pk": "fh8po7wt36c1cdiign3n5nd6h6x6m4ay", "fields": {"session_data": ".eJxVjDsOwjAQBe_iGll24s8uJT1nsNa7DgkgR4qTCnF3iJQC2jcz76USbeuYtlaWNIk6K6tOv1smfpS6A7lTvc2a57ouU9a7og_a9HWW8rwc7t_BSG381tFEUzhkRLE8IEXK4BmMc9SxHRyg7YkCFHQce4QInespZGEZvEdR7w_iwjfu:1qs0FC:No0v0AH5D9c9hgJwG4VORVwrWIbt73prZ4ZIt1MF3mo", "expire_date": "2023-10-29T12:29:18.005Z"}}, {"model": "sessions.session", "pk": "hxk182m4cs5b3pdru5jodhq8f6h217g7", "fields": {"session_data": ".eJxVjDsOwjAQBe_iGll24s8uJT1nsNa7DgkgR4qTCnF3iJQC2jcz76USbeuYtlaWNIk6K6tOv1smfpS6A7lTvc2a57ouU9a7og_a9HWW8rwc7t_BSG381tFEUzhkRLE8IEXK4BmMc9SxHRyg7YkCFHQce4QInespZGEZvEdR7w_iwjfu:1rH3Ed:AkPpasDWmJCZwJ6uY5uGkPaaCfdcAbsWdvHxRvD1RJ8", "expire_date": "2024-01-06T14:44:15.442Z"}}, {"model": "sessions.session", "pk": "iottqgogo6edvhkggugw8v8z09gii3cj", "fields": {"session_data": ".eJxVjDsOwjAQBe_iGll24s8uJT1nsNa7DgkgR4qTCnF3iJQC2jcz76USbeuYtlaWNIk6K6tOv1smfpS6A7lTvc2a57ouU9a7og_a9HWW8rwc7t_BSG381tFEUzhkRLE8IEXK4BmMc9SxHRyg7YkCFHQce4QInespZGEZvEdR7w_iwjfu:1rMQlU:VNAGZ0kKli5efdNNsOR7Xn1-es48QmindiotfX5s8vQ", "expire_date": "2024-01-21T10:52:24.118Z"}}, {"model": "sessions.session", "pk": "k114fdda1qaxlb25kjqr8lh78lgm9wp2", "fields": {"session_data": "e30:1qE89I:VDtOfOVhxQiD8M3T1NCNn3AcZNFrl-RmvNDpADvRWlY", "expire_date": "2023-07-11T12:50:24.645Z"}}, {"model": "sessions.session", "pk": "nxdkrdunmjm6jqhmyfoat7p22ojvvlxu", "fields": {"session_data": ".eJxVjDsOwjAQBe_iGll24s8uJT1nsNa7DgkgR4qTCnF3iJQC2jcz76USbeuYtlaWNIk6K6tOv1smfpS6A7lTvc2a57ouU9a7og_a9HWW8rwc7t_BSG381tFEUzhkRLE8IEXK4BmMc9SxHRyg7YkCFHQce4QInespZGEZvEdR7w_iwjfu:1qacBv:lnh_V00T6Mi_T0zO7t6qCxHfyzkzMnsy3CtryxMuBm8", "expire_date": "2023-09-11T13:22:03.655Z"}}, {"model": "sessions.session", "pk": "o0co4k4tcqrvq147wklidvhh041nwz5t", "fields": {"session_data": ".eJxVjDsOwjAQBe_iGll24s8uJT1nsNa7DgkgR4qTCnF3iJQC2jcz76USbeuYtlaWNIk6K6tOv1smfpS6A7lTvc2a57ouU9a7og_a9HWW8rwc7t_BSG381tFEUzhkRLE8IEXK4BmMc9SxHRyg7YkCFHQce4QInespZGEZvEdR7w_iwjfu:1qmvKt:oQbNQ7-1I9sQ9SdZ6Ec37yfFNVUr20Wwog65tOiI7pc", "expire_date": "2023-10-15T12:14:11.731Z"}}, {"model": "sessions.session", "pk": "ozht8d0wz6kci3ywssufkr01meniy3w7", "fields": {"session_data": ".eJxVjMEOwiAQRP-FsyELKQt69O43EJZdpGpoUtqT8d9tkx70OPPezFvFtC41rl3mOLK6qLM6_XaU8lPaDviR2n3SeWrLPJLeFX3Qrm8Ty-t6uH8HNfW6rU0AYCLMWJwv3gKbIWAKJIwU7GCCZyeFMmK24iExe_SGtwzgBNXnC-0oOA4:1rc5VS:moabBLYh-wvzOjpzpCHu48za6IzswcDPBrPswl7qj9o", "expire_date": "2024-03-04T15:24:34.052Z"}}, {"model": "sessions.session", "pk": "rmcjpl17eo7cli1ae9lwsc0zpjoy4nxu", "fields": {"session_data": ".eJxVjEEOwiAQRe_C2pChBQou3XsGwsyAVA0kpV0Z765NutDtf-_9lwhxW0vYelrCzOIslDj9bhjpkeoO-B7rrUlqdV1mlLsiD9rltXF6Xg7376DEXr61NtonZIWa8-gdgUbrITNk63HIWbGbyJpJU3JuUIp8BNSGyMHogJJ4fwDs6jgM:1qFUwQ:g4GHtBhJdUabeRiTaYbIAgi__yHYeRFnglWCPB-XBFI", "expire_date": "2023-07-15T07:22:46.335Z"}}, {"model": "sessions.session", "pk": "suknlxtiia6jeemi9ryp8wd39ir2smly", "fields": {"session_data": ".eJxVjEEOwiAQRe_C2pChBQou3XsGwsyAVA0kpV0Z765NutDtf-_9lwhxW0vYelrCzOIslDj9bhjpkeoO-B7rrUlqdV1mlLsiD9rltXF6Xg7376DEXr61NtonZIWa8-gdgUbrITNk63HIWbGbyJpJU3JuUIp8BNSGyMHogJJ4fwDs6jgM:1qE8nu:9JbcVsad5GV3H9biiD8dS-VpRbMHvYHDtdvTyUBTuXI", "expire_date": "2023-07-11T13:32:22.487Z"}}, {"model": "sessions.session", "pk": "t8jtec81bj9ngggxl70ao4rym5c5nfi1", "fields": {"session_data": ".eJxVjDsOwjAQBe_iGll24s8uJT1nsNa7DgkgR4qTCnF3iJQC2jcz76USbeuYtlaWNIk6K6tOv1smfpS6A7lTvc2a57ouU9a7og_a9HWW8rwc7t_BSG381tFEUzhkRLE8IEXK4BmMc9SxHRyg7YkCFHQce4QInespZGEZvEdR7w_iwjfu:1qWMxt:91lxv1p9ULj3cNy5f6X-p0K2ZOtA1i8o4fCd-XzybZg", "expire_date": "2023-08-30T20:18:01.921Z"}}, {"model": "sessions.session", "pk": "taa4k8zyw3nx8uu64yicnva7emjr2at0", "fields": {"session_data": ".eJxVjMEOwiAQRP-FsyELKQt69O43EJZdpGpoUtqT8d9tkx70OPPezFvFtC41rl3mOLK6qLM6_XaU8lPaDviR2n3SeWrLPJLeFX3Qrm8Ty-t6uH8HNfW6rU0AYCLMWJwv3gKbIWAKJIwU7GCCZyeFMmK24iExe_SGtwzgBNXnC-0oOA4:1rfelV:WjbrpqxlPzWBPPSxSzpuwq91pJL423sktob6cxg7LUA", "expire_date": "2024-03-14T11:39:53.467Z"}}, {"model": "sessions.session", "pk": "x3hh7weu91lpyetrd52ng9sd9pg7pc3w", "fields": {"session_data": ".eJxVjEEOwiAQRe_C2pChBQou3XsGwsyAVA0kpV0Z765NutDtf-_9lwhxW0vYelrCzOIslDj9bhjpkeoO-B7rrUlqdV1mlLsiD9rltXF6Xg7376DEXr61NtonZIWa8-gdgUbrITNk63HIWbGbyJpJU3JuUIp8BNSGyMHogJJ4fwDs6jgM:1qCfzO:DU5df1eFYQlJqcsPtgGgViHgy7-baYhc7tWuoPjz0qs", "expire_date": "2023-07-07T12:34:10.117Z"}}, {"model": "sessions.session", "pk": "xun1wm1z6dejs3rpjp0r4a0jy5iran3u", "fields": {"session_data": ".eJxVjEEOwiAQRe_C2pBSGGhduvcMZJhhpGpKUtqV8e7apAvd_vfef6mI21ri1vISJ1ZnBer0uyWkR553wHecb1VTnddlSnpX9EGbvlbOz8vh_h0UbOVbExPCaIKDfkg9-ESJBY2F0dKQfRYmShi6HoQtS-BOwKEAGu-d8aLeHw41OPM:1qs3hQ:LFwKAekb9gginH2X6WmZvasOh8jB2v8chCAp3KSMT_k", "expire_date": "2023-10-29T16:10:40.695Z"}}, {"model": "sessions.session", "pk": "y3hmllfjgmf8pkpnza2efvudc6ocm1qs", "fields": {"session_data": ".eJxVjEEOwiAQRe_C2pBCB4a6dO8ZmqEzSNVAUtqV8e7apAvd_vfef6mRtjWPW5NlnFmdVVCn3y3S9JCyA75TuVU91bIuc9S7og_a9LWyPC-H-3eQqeVvDYgG4wAdW5gGdimZCIlgcIkFhX3qBHu0MYrxtu8hkOVATsAb6Cyq9wfqIjex:1rb0JX:5gAlCZSbatMDHCXb_dsXSP2ZzYj4z8S1EcDPiKrLR44", "expire_date": "2024-03-01T15:39:47.090Z"}}, {"model": "users.profile", "pk": "1d65de18-fd37-4121-b639-e3cc2f8f786b", "fields": {"user": 7, "is_athlete": true, "is_staff": false, "first_name": "Gabriel", "last_name": "Cunha", "username": "gabriel_cunha", "email": "gabrielcunhaao8@gmail.com", "profile_image": "static/profiles/Captura_de_ecra_2024-02-12_as_10.26.51.png", "birth_date": "2007-09-25", "gender": "M", "birth_place": "Leiria", "nationality": "Portuguesa", "description": "Natural do Reguengo do Fetal, uma freguesia do conselho da Batalha, assume se como uma das principais esperanças portuguesas na modalidade."}}, {"model": "users.profile", "pk": "4bfbcc79-61b7-48ba-9a38-62e52be252ff", "fields": {"user": 14, "is_athlete": true, "is_staff": false, "first_name": "Arialis", "last_name": "Martinez", "username": "arialis_martinez", "email": "teste@hotmail.com", "profile_image": "static/profiles/Captura_de_ecra_2024-02-19_as_15.29.05.png", "birth_date": "1995-06-22", "gender": "M", "birth_place": "Havana", "nationality": "Cubano", "description": ""}}, {"model": "users.profile", "pk": "51c74dd2-203d-4e37-9a65-4dea5b5cd66c", "fields": {"user": 13, "is_athlete": true, "is_staff": false, "first_name": "Reynier", "last_name": "Mena", "username": "reynier_mena", "email": "teste@hotmail.com", "profile_image": "static/profiles/Captura_de_ecra_2024-02-19_as_15.21.50.png", "birth_date": "1996-11-21", "gender": "M", "birth_place": "Cuba", "nationality": "Cubano", "description": ""}}, {"model": "users.profile", "pk": "83c3b66b-01bf-460e-9945-6f06a063db56", "fields": {"user": 15, "is_athlete": true, "is_staff": false, "first_name": "Sisinio", "last_name": "Ambriz", "username": "sisinio_ambris", "email": "teste@hotmail.com", "profile_image": "static/profiles/Captura_de_ecra_2024-02-19_as_15.32.45.png", "birth_date": "2004-07-12", "gender": "M", "birth_place": "Lisboa", "nationality": "Portuguesa", "description": ""}}, {"model": "users.profile", "pk": "d1a9303d-ed7d-4a64-9a24-efec2c461d07", "fields": {"user": 10, "is_athlete": true, "is_staff": false, "first_name": "Guilherme", "last_name": "Tavares", "username": "guilherme_tavares", "email": "guilhermetavares05@outlook.pt", "profile_image": "static/profiles/Captura_de_ecra_2024-02-19_as_15.26.33.png", "birth_date": "2005-08-31", "gender": "M", "birth_place": "Covilhã", "nationality": "Portuguesa", "description": ""}}, {"model": "users.profile", "pk": "ec672da4-7a75-4e4e-88c5-b27260a697c6", "fields": {"user": 8, "is_athlete": true, "is_staff": false, "first_name": "Bernardo", "last_name": "Cunha", "username": "bernardo_cunha", "email": "bernardocunha58@gmail.com", "profile_image": "static/profiles/Captura_de_ecra_2024-02-12_as_10.31.58.png", "birth_date": "2005-06-03", "gender": "M", "birth_place": "Leiria", "nationality": "Portuguesa", "description": "Natural do conselho da Batalha e atual recordista Nacional de sub18, Bernardo assume me como uma esperança portuguesa no decatlo"}}, {"model": "users.profile", "pk": "ef6225c0-07c1-4f79-ad1a-4df18d78fe52", "fields": {"user": 9, "is_athlete": false, "is_staff": true, "first_name": "admin", "last_name": "admin", "username": "admin", "email": "samuelremedios@hotmail.com", "profile_image": "static/profiles/Captura_de_ecra_2024-02-19_as_15.35.44.png", "birth_date": "2024-02-19", "gender": "M", "birth_place": null, "nationality": null, "description": ""}}, {"model": "users.profile", "pk": "ffba0bf2-7e64-49bc-b0f3-20330c17e5bf", "fields": {"user": 11, "is_athlete": true, "is_staff": false, "first_name": "Roger", "last_name": "Iribarne", "username": "roger_iribarne", "email": "teste@hotmail.com", "profile_image": "static/profiles/Captura_de_ecra_2024-02-19_as_15.17.09.png", "birth_date": "1996-01-02", "gender": "M", "birth_place": "Havana", "nationality": "Cubano", "description": ""}}, {"model": "athletes.athleticseventgroup", "pk": "2bdd9a34-769b-434a-97d2-63ea20da6a09", "fields": {"event_group": "Speed"}}, {"model": "athletes.athleticseventgroup", "pk": "2bf278a5-aea3-4890-b48d-89931f5657ae", "fields": {"event_group": "Long distance, Middle Distance e Racewalking"}}, {"model": "athletes.athleticseventgroup", "pk": "3e3fca2e-9806-4279-b79d-d3a3ae7cbfbc", "fields": {"event_group": "Jumps"}}, {"model": "athletes.athleticseventgroup", "pk": "8673c205-ccd2-4a86-9a7d-4fa97cc2d18a", "fields": {"event_group": "Combined Events"}}, {"model": "athletes.athleticseventgroup", "pk": "c77cfef1-667b-401b-95bd-e77356f52e29", "fields": {"event_group": "Throws"}}, {"model": "athletes.athlete", "pk": "3694f97c-dd08-4592-b2cb-ca9d706b36ac", "fields": {"profile": "1d65de18-fd37-4121-b639-e3cc2f8f786b", "event_group": "8673c205-ccd2-4a86-9a7d-4fa97cc2d18a", "team_name": "Sport Lisboa e Benfica", "url_world_athletics": "https://worldathletics.org/athletes/portugal/gabriel-cunha-15038553", "url_fpacompeticoes": "https://fpacompeticoes.pt/perfilAtleta/131383", "agent": null, "doctor": "Daniel Cardoso", "nutritionist": "Sara Catalão", "physiotherapist": "Tiago Churrito", "psychologist": "Pedro Malvar", "second_coach": null, "main_coach": "Samuel Remédios"}}, {"model": "athletes.athlete", "pk": "393f3527-9a33-49ab-8cfb-27709f751e03", "fields": {"profile": "4bfbcc79-61b7-48ba-9a38-62e52be252ff", "event_group": "2bdd9a34-769b-434a-97d2-63ea20da6a09", "team_name": "Sport Lisboa e Benfica", "url_world_athletics": "https://worldathletics.org/athletes/portugal/arialis-josefa-gandulla-14465496", "url_fpacompeticoes": "https://fpacompeticoes.pt/perfilAtleta/145554", "agent": "José Praia", "doctor": "Susana Santos", "nutritionist": "Sara Catalão", "physiotherapist": "Tiago Churrito", "psychologist": "Pedro Malvar", "second_coach": null, "main_coach": "Ana Oliveira"}}, {"model": "athletes.athlete", "pk": "3e7f6404-8ef6-4a5f-9fa2-e0f32efdffa7", "fields": {"profile": "83c3b66b-01bf-460e-9945-6f06a063db56", "event_group": "2bdd9a34-769b-434a-97d2-63ea20da6a09", "team_name": "Sport Lisboa e Benfica", "url_world_athletics": "https://worldathletics.org/athletes/portugal/sisinio-ambriz-14895757", "url_fpacompeticoes": "https://fpacompeticoes.pt/perfilAtleta/151539", "agent": "José Praia", "doctor": "Susana Santos", "nutritionist": "Sara Catalão", "physiotherapist": "Tiago Churrito", "psychologist": "Pedro Malvar", "second_coach": null, "main_coach": "Ana Oliveira"}}, {"model": "athletes.athlete", "pk": "6d1c9073-43b7-4d85-b705-15ddb631c2f6", "fields": {"profile": "ec672da4-7a75-4e4e-88c5-b27260a697c6", "event_group": "8673c205-ccd2-4a86-9a7d-4fa97cc2d18a", "team_name": "Sport Lisboa e Benfica", "url_world_athletics": "https://worldathletics.org/athletes/portugal/bernardo-cunha-15011478", "url_fpacompeticoes": "https://fpacompeticoes.pt/perfilAtleta/132213", "agent": null, "doctor": "Daniel Cardoso", "nutritionist": "Sara Catalão", "physiotherapist": "Tiago Churrito", "psychologist": "Pedro Malvar", "second_coach": null, "main_coach": "Samuel Remédios"}}, {"model": "athletes.athlete", "pk": "888a2e36-d4c4-4b80-8e36-638b48fac42a", "fields": {"profile": "ffba0bf2-7e64-49bc-b0f3-20330c17e5bf", "event_group": "2bdd9a34-769b-434a-97d2-63ea20da6a09", "team_name": "Sport Lisboa e Benfica", "url_world_athletics": "https://worldathletics.org/athletes/-/14518167", "url_fpacompeticoes": "https://fpacompeticoes.pt/perfilAtleta/170600", "agent": "José Praia", "doctor": "Susana Santos", "nutritionist": "Sara Catalão", "physiotherapist": "Tiago Churrito", "psychologist": "Pedro Malvar", "second_coach": null, "main_coach": "Ana Oliveira"}}, {"model": "athletes.athlete", "pk": "d960a012-2624-4a50-8472-2ebc4ef2263e", "fields": {"profile": "d1a9303d-ed7d-4a64-9a24-efec2c461d07", "event_group": "8673c205-ccd2-4a86-9a7d-4fa97cc2d18a", "team_name": "Sport Lisboa e Benfica", "url_world_athletics": "https://worldathletics.org/athletes/portugal/guilherme-tavares-15097495", "url_fpacompeticoes": "https://fpacompeticoes.pt/perfilAtleta/148744", "agent": null, "doctor": "Daniel Cardoso", "nutritionist": "Sara Catalão", "physiotherapist": "Tiago Churrito", "psychologist": "Pedro Malvar", "second_coach": null, "main_coach": "Samuel Remédios"}}, {"model": "athletes.athlete", "pk": "ecd3b156-3106-457b-8588-ffcab01ec1a2", "fields": {"profile": "51c74dd2-203d-4e37-9a65-4dea5b5cd66c", "event_group": "2bdd9a34-769b-434a-97d2-63ea20da6a09", "team_name": "Sport Lisboa e Benfica", "url_world_athletics": "https://worldathletics.org/athletes/cuba/reynier-mena-14518308", "url_fpacompeticoes": "https://fpacompeticoes.pt/perfilAtleta/168725", "agent": "José Praia", "doctor": "Susana Santos", "nutritionist": "Sara Catalão", "physiotherapist": "Tiago Churrito", "psychologist": "Pedro Malvar", "second_coach": null, "main_coach": "Ana Oliveira"}}, {"model": "competitions.competitionevent", "pk": "05329318-a958-4e76-a48f-2281aba97986", "fields": {"event_name": "Heptatlo Sub20 - Short Track", "short_track": true, "timing": false, "wind_influence": false}}, {"model": "competitions.competitionevent", "pk": "0b47217e-9546-4a17-804d-8a6ea710d56f", "fields": {"event_name": "Salto em Comprimento", "short_track": true, "timing": false, "wind_influence": true}}, {"model": "competitions.competitionevent", "pk": "0c5f5412-0f7c-447c-8ecd-ec9103fa8bb0", "fields": {"event_name": "Heptatlo Sub18 - Short Track", "short_track": true, "timing": false, "wind_influence": false}}, {"model": "competitions.competitionevent", "pk": "0eadfdc9-9ba7-4054-bcff-38c79be524fa", "fields": {"event_name": "Lançamento do Disco", "short_track": false, "timing": false, "wind_influence": false}}, {"model": "competitions.competitionevent", "pk": "131a6ae2-7eee-410c-8ec1-d074cfb94f18", "fields": {"event_name": "Pentatlo - Short Track", "short_track": true, "timing": false, "wind_influence": false}}, {"model": "competitions.competitionevent", "pk": "27964825-66ac-40fb-8c96-76dc5b8aba8e", "fields": {"event_name": "Lançamento do Peso - 5Kg", "short_track": true, "timing": false, "wind_influence": false}}, {"model": "competitions.competitionevent", "pk": "2e5bd814-56dd-4398-bb18-68ec3efd09bf", "fields": {"event_name": "800m - Pista Curta", "short_track": true, "timing": true, "wind_influence": false}}, {"model": "competitions.competitionevent", "pk": "33a7f04e-3d27-4a7a-bd8f-73292ac3cc5e", "fields": {"event_name": "60m Bar - 0.76cm", "short_track": true, "timing": true, "wind_influence": false}}, {"model": "competitions.competitionevent", "pk": "475142fc-4a25-4dda-b49e-b26be7bd8159", "fields": {"event_name": "Salto em Altura", "short_track": true, "timing": false, "wind_influence": false}}, {"model": "competitions.competitionevent", "pk": "4b5733e4-a2c4-4025-805f-3620fafe67cf", "fields": {"event_name": "1000m - Pista Curta", "short_track": true, "timing": true, "wind_influence": false}}, {"model": "competitions.competitionevent", "pk": "5ed657e6-b9aa-4234-b2f4-f43b63d42bf6", "fields": {"event_name": "Triplo Salto", "short_track": true, "timing": false, "wind_influence": true}}, {"model": "competitions.competitionevent", "pk": "64cf7907-3941-4a29-8ab8-f0c48d2ed15d", "fields": {"event_name": "Lançamento do Peso - 3Kg", "short_track": true, "timing": false, "wind_influence": false}}, {"model": "competitions.competitionevent", "pk": "6eb11b9d-5202-4aa2-bc6a-2ea0fce719ff", "fields": {"event_name": "400m - Pista Curta", "short_track": true, "timing": true, "wind_influence": false}}, {"model": "competitions.competitionevent", "pk": "7126417c-0296-4078-a532-14e4127a3351", "fields": {"event_name": "Heptatlo Sénior", "short_track": false, "timing": false, "wind_influence": false}}, {"model": "competitions.competitionevent", "pk": "73ca33cd-c574-4dde-9c2f-d1b49eea8c58", "fields": {"event_name": "200m", "short_track": false, "timing": true, "wind_influence": true}}, {"model": "competitions.competitionevent", "pk": "75036b36-4ccb-4450-94f9-10a427f36817", "fields": {"event_name": "Lançamento do Peso - 7,260Kg", "short_track": true, "timing": false, "wind_influence": false}}, {"model": "competitions.competitionevent", "pk": "7e1f4d3e-dec0-4e81-97b7-1c2157ea7ad1", "fields": {"event_name": "Lançamento do Peso - 6Kg", "short_track": true, "timing": false, "wind_influence": false}}, {"model": "competitions.competitionevent", "pk": "809f6650-c38c-44c1-a80e-4f5200b66368", "fields": {"event_name": "1500m - Pista Curta", "short_track": true, "timing": true, "wind_influence": false}}, {"model": "competitions.competitionevent", "pk": "8350ecf7-a15c-4f2c-9dae-3f34005ec667", "fields": {"event_name": "60m Bar - 1.07cm", "short_track": true, "timing": true, "wind_influence": false}}, {"model": "competitions.competitionevent", "pk": "852a2205-43c5-4e6e-86a2-e4570f404483", "fields": {"event_name": "Decatlo", "short_track": false, "timing": false, "wind_influence": false}}, {"model": "competitions.competitionevent", "pk": "8b44abf5-cfb0-44e6-959c-3ba512a06b32", "fields": {"event_name": "60m Bar - 0.84cm", "short_track": true, "timing": true, "wind_influence": false}}, {"model": "competitions.competitionevent", "pk": "9ccc9046-f198-4caa-a90d-a9a025ffe1b9", "fields": {"event_name": "Salto com Vara", "short_track": true, "timing": false, "wind_influence": false}}, {"model": "competitions.competitionevent", "pk": "a0d0aeb7-5abe-4a42-81e6-5aedc8063968", "fields": {"event_name": "Lançamento do Peso - 4Kg", "short_track": true, "timing": false, "wind_influence": false}}, {"model": "competitions.competitionevent", "pk": "ae93cdf3-ee34-47de-a98b-cfd22ac5194d", "fields": {"event_name": "Lançamento do Martelo", "short_track": false, "timing": false, "wind_influence": false}}, {"model": "competitions.competitionevent", "pk": "b3df8c70-5f5e-4666-84a1-ebc216a85eb7", "fields": {"event_name": "Triatlo Técnico Sub18", "short_track": true, "timing": false, "wind_influence": false}}, {"model": "competitions.competitionevent", "pk": "cb17f63f-35b4-4f91-941a-cbee6feef707", "fields": {"event_name": "60m", "short_track": true, "timing": true, "wind_influence": false}}, {"model": "competitions.competitionevent", "pk": "cffd0f72-c715-4402-b887-d4a4d68ea4a9", "fields": {"event_name": "Lançamento do Dardo", "short_track": false, "timing": false, "wind_influence": false}}, {"model": "competitions.competitionevent", "pk": "d5230e96-834c-4827-81f5-25815ca88c97", "fields": {"event_name": "200m - Pista Curta", "short_track": true, "timing": true, "wind_influence": false}}, {"model": "competitions.competitionevent", "pk": "d8843620-f0d5-4401-8500-9c274103ac2c", "fields": {"event_name": "100m", "short_track": false, "timing": true, "wind_influence": true}}, {"model": "competitions.competitionevent", "pk": "e0531330-8efb-4f83-b55f-336e1821683f", "fields": {"event_name": "60m Bar - 0.91cm", "short_track": true, "timing": true, "wind_influence": false}}, {"model": "competitions.competitionevent", "pk": "e5ab1894-238c-40b3-9e63-7391030db315", "fields": {"event_name": "3000m", "short_track": true, "timing": false, "wind_influence": false}}, {"model": "competitions.competitionevent", "pk": "e76d49f0-a826-4f2f-8a97-53add207ca97", "fields": {"event_name": "60m Bar - 0.99cm", "short_track": true, "timing": true, "wind_influence": false}}, {"model": "competitions.competition", "pk": "03c60ad5-9c7a-48f8-b086-d18fcf8f4c72", "fields": {"event": "73ca33cd-c574-4dde-9c2f-d1b49eea8c58", "athlete": "ecd3b156-3106-457b-8588-ffcab01ec1a2", "name": null, "local": "Estadio Panamericano, La Habana (CUB)", "date": "2020-03-21", "is_timing": true, "is_championship": false, "result": "20.37", "competition_wind": 0.0, "competition_period": "Outdoor", "world_athletics_points": null}}, {"model": "competitions.competition", "pk": "0b98ce56-1868-4068-bb91-ce50fb6dd853", "fields": {"event": "d8843620-f0d5-4401-8500-9c274103ac2c", "athlete": "ecd3b156-3106-457b-8588-ffcab01ec1a2", "name": null, "local": "Pista Rafael Fortun Chacon, Camagüey (CUB)", "date": "2021-04-09", "is_timing": true, "is_championship": false, "result": "10.43", "competition_wind": 0.0, "competition_period": "Outdoor", "world_athletics_points": null}}, {"model": "competitions.competition", "pk": "30677dca-da04-40cd-9f66-180d5188368e", "fields": {"event": "73ca33cd-c574-4dde-9c2f-d1b49eea8c58", "athlete": "ecd3b156-3106-457b-8588-ffcab01ec1a2", "name": null, "local": "Centro Sportivo Fontanassa, Savona (ITA)", "date": "2023-05-24", "is_timing": true, "is_championship": false, "result": "19.95", "competition_wind": 0.0, "competition_period": "Outdoor", "world_athletics_points": null}}, {"model": "competitions.competition", "pk": "33d44fa1-4a38-4ffc-939d-768b61f0ad58", "fields": {"event": "d8843620-f0d5-4401-8500-9c274103ac2c", "athlete": "ecd3b156-3106-457b-8588-ffcab01ec1a2", "name": "Meeting", "local": "Stade de La Charrière, La Chaux-de-Fonds (SUI)", "date": "2022-07-03", "is_timing": true, "is_championship": false, "result": "9.99", "competition_wind": 1.6, "competition_period": "Outdoor", "world_athletics_points": 1210}}, {"model": "competitions.competition", "pk": "3c7ce7dd-818c-4839-90c3-5297bd91f975", "fields": {"event": "d8843620-f0d5-4401-8500-9c274103ac2c", "athlete": "ecd3b156-3106-457b-8588-ffcab01ec1a2", "name": null, "local": "Camagüey, CUB", "date": "2018-03-15", "is_timing": true, "is_championship": false, "result": "10.13", "competition_wind": 0.0, "competition_period": "Outdoor", "world_athletics_points": null}}, {"model": "competitions.competition", "pk": "3e04f0cc-27f3-446e-8295-35f805bdf3e8", "fields": {"event": "73ca33cd-c574-4dde-9c2f-d1b49eea8c58", "athlete": "ecd3b156-3106-457b-8588-ffcab01ec1a2", "name": null, "local": "CIBC, Toronto (CAN)", "date": "2015-07-23", "is_timing": true, "is_championship": false, "result": "20.32", "competition_wind": 0.0, "competition_period": "Outdoor", "world_athletics_points": null}}, {"model": "competitions.competition", "pk": "523da8a1-4103-45b4-a699-efcc30b66939", "fields": {"event": "d8843620-f0d5-4401-8500-9c274103ac2c", "athlete": "ecd3b156-3106-457b-8588-ffcab01ec1a2", "name": null, "local": "La Habana, CUB", "date": "2014-11-03", "is_timing": true, "is_championship": false, "result": "10.26", "competition_wind": 0.0, "competition_period": "Outdoor", "world_athletics_points": null}}, {"model": "competitions.competition", "pk": "54ceb015-1c94-451c-85d8-0260cf369bbf", "fields": {"event": "73ca33cd-c574-4dde-9c2f-d1b49eea8c58", "athlete": "ecd3b156-3106-457b-8588-ffcab01ec1a2", "name": null, "local": "Stade de La Charrière, La Chaux-de-Fonds (SUI)", "date": "2022-07-03", "is_timing": true, "is_championship": false, "result": "19.63", "competition_wind": 0.0, "competition_period": "Outdoor", "world_athletics_points": null}}, {"model": "competitions.competition", "pk": "623ad1eb-3c72-499b-aa8e-f4afce1fb0ed", "fields": {"event": "d8843620-f0d5-4401-8500-9c274103ac2c", "athlete": "ecd3b156-3106-457b-8588-ffcab01ec1a2", "name": null, "local": "La Habana, CUB", "date": "2017-03-15", "is_timing": true, "is_championship": false, "result": "10.17", "competition_wind": 0.0, "competition_period": "Outdoor", "world_athletics_points": null}}, {"model": "competitions.competition", "pk": "6ddd9f9a-6c59-47a1-a911-02d1a70bb5bf", "fields": {"event": "d8843620-f0d5-4401-8500-9c274103ac2c", "athlete": "ecd3b156-3106-457b-8588-ffcab01ec1a2", "name": null, "local": "Camagüey, CUB", "date": "2019-02-22", "is_timing": true, "is_championship": false, "result": "10.04", "competition_wind": 0.0, "competition_period": "Outdoor", "world_athletics_points": null}}, {"model": "competitions.competition", "pk": "6fe4d08c-a929-4c39-b869-ead8b9926268", "fields": {"event": "d8843620-f0d5-4401-8500-9c274103ac2c", "athlete": "ecd3b156-3106-457b-8588-ffcab01ec1a2", "name": null, "local": "Edmonton, CAN", "date": "2015-07-31", "is_timing": true, "is_championship": false, "result": "10.17", "competition_wind": 0.0, "competition_period": "Outdoor", "world_athletics_points": null}}, {"model": "competitions.competition", "pk": "70b21e99-3cb1-4bf4-98e8-6ceed925fd85", "fields": {"event": "d8843620-f0d5-4401-8500-9c274103ac2c", "athlete": "ecd3b156-3106-457b-8588-ffcab01ec1a2", "name": null, "local": "Pista Rafael Fortun Chacon, Camagüey (CUB)", "date": "2020-03-06", "is_timing": true, "is_championship": false, "result": "10.26", "competition_wind": 0.0, "competition_period": "Outdoor", "world_athletics_points": null}}, {"model": "competitions.competition", "pk": "79919761-b2c7-4ef1-9ef1-fd0599393fed", "fields": {"event": "73ca33cd-c574-4dde-9c2f-d1b49eea8c58", "athlete": "ecd3b156-3106-457b-8588-ffcab01ec1a2", "name": null, "local": "La Habana (CUB)", "date": "2017-02-25", "is_timing": true, "is_championship": false, "result": "21.09", "competition_wind": 0.0, "competition_period": "Outdoor", "world_athletics_points": null}}, {"model": "competitions.competition", "pk": "867e2aa7-395e-4a13-9471-fc4aede00b5f", "fields": {"event": "73ca33cd-c574-4dde-9c2f-d1b49eea8c58", "athlete": "ecd3b156-3106-457b-8588-ffcab01ec1a2", "name": null, "local": "La Habana (CUB)", "date": "2011-05-27", "is_timing": true, "is_championship": false, "result": "22.15", "competition_wind": 0.0, "competition_period": "Outdoor", "world_athletics_points": null}}, {"model": "competitions.competition", "pk": "900d0b5e-4826-47b4-a45c-b17c5f5d11a7", "fields": {"event": "d8843620-f0d5-4401-8500-9c274103ac2c", "athlete": "ecd3b156-3106-457b-8588-ffcab01ec1a2", "name": "Meeting", "local": "La Habana", "date": "2011-05-26", "is_timing": true, "is_championship": false, "result": "10.83", "competition_wind": null, "competition_period": "Outdoor", "world_athletics_points": null}}, {"model": "competitions.competition", "pk": "a8bba025-16fb-41e4-a259-9d3ec9872036", "fields": {"event": "73ca33cd-c574-4dde-9c2f-d1b49eea8c58", "athlete": "ecd3b156-3106-457b-8588-ffcab01ec1a2", "name": null, "local": "Medellín (COL)", "date": "2013-08-24", "is_timing": true, "is_championship": false, "result": "20.63", "competition_wind": 0.0, "competition_period": "Outdoor", "world_athletics_points": null}}, {"model": "competitions.competition", "pk": "b2182978-3c2c-4dcb-82b1-981c38925d1f", "fields": {"event": "73ca33cd-c574-4dde-9c2f-d1b49eea8c58", "athlete": "ecd3b156-3106-457b-8588-ffcab01ec1a2", "name": null, "local": "Camagüey (CUB)", "date": "2019-02-23", "is_timing": true, "is_championship": false, "result": "20.35", "competition_wind": 0.0, "competition_period": "Outdoor", "world_athletics_points": null}}, {"model": "competitions.competition", "pk": "b3d69d95-8ade-4f6a-b80a-791954dc7d0c", "fields": {"event": "73ca33cd-c574-4dde-9c2f-d1b49eea8c58", "athlete": "ecd3b156-3106-457b-8588-ffcab01ec1a2", "name": null, "local": "San Salvador (ESA)", "date": "2016-07-17", "is_timing": true, "is_championship": false, "result": "20.41", "competition_wind": 0.0, "competition_period": "Outdoor", "world_athletics_points": null}}, {"model": "competitions.competition", "pk": "eafa2a06-f9ff-432a-88fa-72b42a31e79e", "fields": {"event": "73ca33cd-c574-4dde-9c2f-d1b49eea8c58", "athlete": "ecd3b156-3106-457b-8588-ffcab01ec1a2", "name": null, "local": "Estadio Panamericano, La Habana (CUB)", "date": "2021-05-28", "is_timing": true, "is_championship": false, "result": "20.59", "competition_wind": 0.0, "competition_period": "Outdoor", "world_athletics_points": null}}, {"model": "competitions.competition", "pk": "ed7b4d8e-60a0-4f61-9f4f-359a2bcaec21", "fields": {"event": "d8843620-f0d5-4401-8500-9c274103ac2c", "athlete": "ecd3b156-3106-457b-8588-ffcab01ec1a2", "name": null, "local": "La Habana", "date": "2023-06-02", "is_timing": true, "is_championship": false, "result": "10.13", "competition_wind": 0.0, "competition_period": "Outdoor", "world_athletics_points": null}}, {"model": "competitions.competition", "pk": "ee7efcb9-b901-4c53-b8f2-247da8a3b82f", "fields": {"event": "73ca33cd-c574-4dde-9c2f-d1b49eea8c58", "athlete": "ecd3b156-3106-457b-8588-ffcab01ec1a2", "name": null, "local": "Veracruz (MEX)", "date": "2014-11-27", "is_timing": true, "is_championship": false, "result": "20.54", "competition_wind": 0.0, "competition_period": "Outdoor", "world_athletics_points": null}}, {"model": "competitions.competition", "pk": "f3af0b9f-570a-4deb-9b46-2077aa3aa522", "fields": {"event": "73ca33cd-c574-4dde-9c2f-d1b49eea8c58", "athlete": "ecd3b156-3106-457b-8588-ffcab01ec1a2", "name": null, "local": "La Habana (CUB)", "date": "2012-05-27", "is_timing": true, "is_championship": false, "result": "21.58", "competition_wind": 0.0, "competition_period": "Outdoor", "world_athletics_points": null}}, {"model": "competitions.competition", "pk": "f483b943-cd48-4e31-868d-61f57535a0e2", "fields": {"event": "cb17f63f-35b4-4f91-941a-cbee6feef707", "athlete": "ecd3b156-3106-457b-8588-ffcab01ec1a2", "name": "Meeting", "local": "Atlas Arena, Lodz, Polonia", "date": "2024-01-27", "is_timing": true, "is_championship": false, "result": "6.58", "competition_wind": 0.0, "competition_period": "Indoor", "world_athletics_points": 1164}}, {"model": "competitions.competition", "pk": "f76c5298-a7ef-40b4-8e5b-dd1760b184d8", "fields": {"event": "73ca33cd-c574-4dde-9c2f-d1b49eea8c58", "athlete": "ecd3b156-3106-457b-8588-ffcab01ec1a2", "name": null, "local": "Barranquilla (COL)", "date": "2018-07-31", "is_timing": true, "is_championship": false, "result": "20.26", "competition_wind": 0.0, "competition_period": "Outdoor", "world_athletics_points": null}}, {"model": "competitions.competition", "pk": "fa146171-a8e6-464f-beba-76db91ece54d", "fields": {"event": "d8843620-f0d5-4401-8500-9c274103ac2c", "athlete": "ecd3b156-3106-457b-8588-ffcab01ec1a2", "name": null, "local": "Donetsk, UKR", "date": "2013-07-11", "is_timing": true, "is_championship": false, "result": "10.37", "competition_wind": 0.0, "competition_period": "Outdoor", "world_athletics_points": null}}, {"model": "wellness.wellnessdaily", "pk": "49fba8ef-fd55-478c-b8b2-d5d796b74219", "fields": {"athlete": "393f3527-9a33-49ab-8cfb-27709f751e03", "weight": 75.0, "registration_date": "1999-02-19", "mood": 50, "stress_level": 50, "muscle_soreness": 50, "sleep_quality": 50, "fatigue": 50, "nutrition": 50, "hydration": 50, "hours_sleep": 8.0}}, {"model": "wellness.wellnessdaily", "pk": "60b06044-499d-4daf-9f25-87f73c0733d9", "fields": {"athlete": "3e7f6404-8ef6-4a5f-9fa2-e0f32efdffa7", "weight": 75.0, "registration_date": "1999-02-19", "mood": 50, "stress_level": 50, "muscle_soreness": 50, "sleep_quality": 50, "fatigue": 50, "nutrition": 50, "hydration": 50, "hours_sleep": 8.0}}, {"model": "wellness.wellnessdaily", "pk": "94fedaba-54da-4e11-9349-167ddb2e4bff", "fields": {"athlete": "6d1c9073-43b7-4d85-b705-15ddb631c2f6", "weight": 0.0, "registration_date": "1999-01-01", "mood": 50, "stress_level": 50, "muscle_soreness": 50, "sleep_quality": 50, "fatigue": 50, "nutrition": 50, "hydration": 50, "hours_sleep": 8.0}}, {"model": "wellness.wellnessdaily", "pk": "9c5f1069-0ddd-4068-8fae-7de0b434b20e", "fields": {"athlete": "3694f97c-dd08-4592-b2cb-ca9d706b36ac", "weight": 0.0, "registration_date": "1999-01-01", "mood": 50, "stress_level": 50, "muscle_soreness": 50, "sleep_quality": 50, "fatigue": 50, "nutrition": 50, "hydration": 50, "hours_sleep": 8.0}}, {"model": "wellness.wellnessdaily", "pk": "b7e77400-0346-4b1e-8f3b-f7e760ead5ee", "fields": {"athlete": "888a2e36-d4c4-4b80-8e36-638b48fac42a", "weight": 75.0, "registration_date": "1999-02-19", "mood": 50, "stress_level": 50, "muscle_soreness": 50, "sleep_quality": 50, "fatigue": 50, "nutrition": 50, "hydration": 50, "hours_sleep": 8.0}}, {"model": "wellness.wellnessdaily", "pk": "cc8a4bdb-4351-4908-9356-b6c2030b71b9", "fields": {"athlete": "d960a012-2624-4a50-8472-2ebc4ef2263e", "weight": 0.0, "registration_date": "1999-01-01", "mood": 50, "stress_level": 50, "muscle_soreness": 50, "sleep_quality": 50, "fatigue": 50, "nutrition": 50, "hydration": 50, "hours_sleep": 8.0}}, {"model": "wellness.wellnessdaily", "pk": "fbaaa830-3db4-4240-9845-4514a93124e3", "fields": {"athlete": "ecd3b156-3106-457b-8588-ffcab01ec1a2", "weight": 75.0, "registration_date": "1999-02-19", "mood": 50, "stress_level": 50, "muscle_soreness": 50, "sleep_quality": 50, "fatigue": 50, "nutrition": 50, "hydration": 50, "hours_sleep": 8.0}}, {"model": "wellness.loadcontrol", "pk": "07df5bb5-f67b-437a-aa7a-b4f890a1743a", "fields": {"athlete": "d960a012-2624-4a50-8472-2ebc4ef2263e", "registration_date": "1999-01-01", "training_hours": 2.0, "intensity": 5, "load": 10.0, "obs": ""}}, {"model": "wellness.loadcontrol", "pk": "21453b3c-c71a-41eb-be71-cf4d02267c99", "fields": {"athlete": "393f3527-9a33-49ab-8cfb-27709f751e03", "registration_date": "1999-02-19", "training_hours": 2.0, "intensity": 5, "load": 10.0, "obs": ""}}, {"model": "wellness.loadcontrol", "pk": "2d2674f7-9ea4-468d-a5d6-108560755878", "fields": {"athlete": "3694f97c-dd08-4592-b2cb-ca9d706b36ac", "registration_date": "1999-01-01", "training_hours": 2.0, "intensity": 5, "load": 10.0, "obs": ""}}, {"model": "wellness.loadcontrol", "pk": "722ed1ff-de2f-4c33-b1b3-c79be7bc783f", "fields": {"athlete": "888a2e36-d4c4-4b80-8e36-638b48fac42a", "registration_date": "1999-02-19", "training_hours": 2.0, "intensity": 5, "load": 10.0, "obs": ""}}, {"model": "wellness.loadcontrol", "pk": "7777b355-a481-4efb-ab32-308256c1ff60", "fields": {"athlete": "6d1c9073-43b7-4d85-b705-15ddb631c2f6", "registration_date": "1999-01-01", "training_hours": 2.0, "intensity": 5, "load": 10.0, "obs": ""}}, {"model": "wellness.loadcontrol", "pk": "c89b8916-3d32-4526-9367-f8c1f4614288", "fields": {"athlete": "ecd3b156-3106-457b-8588-ffcab01ec1a2", "registration_date": "1999-02-19", "training_hours": 2.0, "intensity": 5, "load": 10.0, "obs": ""}}, {"model": "wellness.loadcontrol", "pk": "f6e1c18a-175b-4408-8ef7-8ba9c83a66f4", "fields": {"athlete": "3e7f6404-8ef6-4a5f-9fa2-e0f32efdffa7", "registration_date": "1999-02-19", "training_hours": 2.0, "intensity": 5, "load": 10.0, "obs": ""}}, {"model": "physiology.evaluation", "pk": "32c9c1c6-5ac8-45cc-ae7b-a924de75b1f8", "fields": {"athlete": "6d1c9073-43b7-4d85-b705-15ddb631c2f6", "date": "2023-12-06", "cmj": 57.2, "average_rsi": 2.226, "imtp_peak_force": 2544.8, "time_to_peak_tork": null, "adductor_left_peak_force": 455.0, "adductor_right_peak_force": 436.0, "abductor_left_peak_force": 342.0, "abductor_right_peak_force": 352.0, "hams_right": 206.3, "hams_left": 233.1, "quad_left": null, "quad_right": null, "calf_left": 1115.0, "calf_right": 1017.0}}, {"model": "physiology.evaluation", "pk": "387ee9d2-9384-45d8-821f-9bae137649e6", "fields": {"athlete": "ecd3b156-3106-457b-8588-ffcab01ec1a2", "date": "2023-10-16", "cmj": 66.8, "average_rsi": 2.69, "imtp_peak_force": 3390.0, "time_to_peak_tork": null, "adductor_left_peak_force": null, "adductor_right_peak_force": null, "abductor_left_peak_force": null, "abductor_right_peak_force": null, "hams_right": 476.3, "hams_left": 502.9, "quad_left": 927.2, "quad_right": 1032.0, "calf_left": null, "calf_right": null}}, {"model": "physiology.evaluation", "pk": "3a3a3f9c-6822-41fb-9db4-9aba4053f6eb", "fields": {"athlete": "3694f97c-dd08-4592-b2cb-ca9d706b36ac", "date": "2023-10-10", "cmj": 58.0, "average_rsi": 2.32, "imtp_peak_force": 2052.0, "time_to_peak_tork": null, "adductor_left_peak_force": 329.0, "adductor_right_peak_force": 312.0, "abductor_left_peak_force": 331.0, "abductor_right_peak_force": 345.0, "hams_right": 242.8, "hams_left": 243.3, "quad_left": 483.2, "quad_right": 442.6, "calf_left": 515.0, "calf_right": 421.0}}, {"model": "physiology.evaluation", "pk": "5b3602c7-69a6-4bc4-bce9-a9a22c5b90bd", "fields": {"athlete": "6d1c9073-43b7-4d85-b705-15ddb631c2f6", "date": "2023-10-03", "cmj": 57.5, "average_rsi": 2.47, "imtp_peak_force": 2305.0, "time_to_peak_tork": null, "adductor_left_peak_force": 415.0, "adductor_right_peak_force": 410.0, "abductor_left_peak_force": 319.0, "abductor_right_peak_force": 308.0, "hams_right": 198.1, "hams_left": 237.6, "quad_left": 512.7, "quad_right": 455.5, "calf_left": 892.0, "calf_right": 777.0}}, {"model": "physiology.evaluation", "pk": "6689f4f2-c9a8-49c0-acfd-6c213627874f", "fields": {"athlete": "888a2e36-d4c4-4b80-8e36-638b48fac42a", "date": "2023-10-16", "cmj": 64.3, "average_rsi": 2.24, "imtp_peak_force": 3576.0, "time_to_peak_tork": null, "adductor_left_peak_force": null, "adductor_right_peak_force": null, "abductor_left_peak_force": null, "abductor_right_peak_force": null, "hams_right": 342.7, "hams_left": 338.3, "quad_left": 886.1, "quad_right": 871.2, "calf_left": null, "calf_right": null}}, {"model": "physiology.evaluation", "pk": "72caaf77-e658-446e-80cf-f7ab977b2706", "fields": {"athlete": "3e7f6404-8ef6-4a5f-9fa2-e0f32efdffa7", "date": "2023-10-16", "cmj": 58.9, "average_rsi": 2.55, "imtp_peak_force": 2553.0, "time_to_peak_tork": null, "adductor_left_peak_force": null, "adductor_right_peak_force": null, "abductor_left_peak_force": null, "abductor_right_peak_force": null, "hams_right": 557.4, "hams_left": 632.4, "quad_left": 932.5, "quad_right": 1139.8, "calf_left": null, "calf_right": null}}, {"model": "physiology.evaluation", "pk": "7d980aa5-ed6b-42bc-8448-30155e5592d1", "fields": {"athlete": "888a2e36-d4c4-4b80-8e36-638b48fac42a", "date": "2023-11-20", "cmj": null, "average_rsi": null, "imtp_peak_force": 3694.3, "time_to_peak_tork": null, "adductor_left_peak_force": 288.0, "adductor_right_peak_force": 316.0, "abductor_left_peak_force": 429.0, "abductor_right_peak_force": 423.0, "hams_right": 374.9, "hams_left": 449.7, "quad_left": 656.4, "quad_right": 726.4, "calf_left": 682.0, "calf_right": 546.0}}, {"model": "physiology.evaluation", "pk": "821c39ca-ca22-48ef-b5e0-67dc75e59375", "fields": {"athlete": "ecd3b156-3106-457b-8588-ffcab01ec1a2", "date": "2023-11-20", "cmj": null, "average_rsi": null, "imtp_peak_force": 4341.9, "time_to_peak_tork": 2341.0, "adductor_left_peak_force": 454.0, "adductor_right_peak_force": 473.0, "abductor_left_peak_force": 588.0, "abductor_right_peak_force": 600.0, "hams_right": 389.6, "hams_left": 429.2, "quad_left": 939.3, "quad_right": 837.1, "calf_left": 1237.0, "calf_right": 959.0}}, {"model": "physiology.evaluation", "pk": "a334cc78-a774-4ec8-842a-6086f450e311", "fields": {"athlete": "393f3527-9a33-49ab-8cfb-27709f751e03", "date": "2023-10-16", "cmj": 42.5, "average_rsi": 1.5, "imtp_peak_force": 2540.0, "time_to_peak_tork": null, "adductor_left_peak_force": null, "adductor_right_peak_force": null, "abductor_left_peak_force": null, "abductor_right_peak_force": null, "hams_right": 445.6, "hams_left": 264.7, "quad_left": 633.8, "quad_right": 591.9, "calf_left": null, "calf_right": null}}, {"model": "physiology.evaluation", "pk": "db531af5-1242-461e-885c-5857ec2629a7", "fields": {"athlete": "3e7f6404-8ef6-4a5f-9fa2-e0f32efdffa7", "date": "2023-11-20", "cmj": null, "average_rsi": null, "imtp_peak_force": 2943.0, "time_to_peak_tork": 2609.0, "adductor_left_peak_force": 376.0, "adductor_right_peak_force": 365.0, "abductor_left_peak_force": 400.0, "abductor_right_peak_force": 436.0, "hams_right": 739.9, "hams_left": 748.1, "quad_left": 1062.0, "quad_right": 871.0, "calf_left": 1024.0, "calf_right": 920.0}}, {"model": "physiology.evaluation", "pk": "fd1b02f2-ba5f-4d6d-b5fe-7082644e65e5", "fields": {"athlete": "393f3527-9a33-49ab-8cfb-27709f751e03", "date": "2023-11-20", "cmj": null, "average_rsi": null, "imtp_peak_force": 2842.7, "time_to_peak_tork": 1248.0, "adductor_left_peak_force": 343.0, "adductor_right_peak_force": 341.0, "abductor_left_peak_force": 346.0, "abductor_right_peak_force": 342.0, "hams_right": 368.5, "hams_left": 296.7, "quad_left": 500.4, "quad_right": 557.8, "calf_left": 468.0, "calf_right": 525.0}}, {"model": "training_programme.goals", "pk": "01490bfd-a88d-4b0c-9152-38d4e6e76f48", "fields": {"athlete": "ecd3b156-3106-457b-8588-ffcab01ec1a2", "competition_event": "cb17f63f-35b4-4f91-941a-cbee6feef707", "season": "2024", "season_period": "Indoor", "competition_result": "6.60", "comments": ""}}, {"model": "training_programme.goals", "pk": "07ad74ab-1ce3-4cea-9abb-3f07560b34a0", "fields": {"athlete": "6d1c9073-43b7-4d85-b705-15ddb631c2f6", "competition_event": "9ccc9046-f198-4caa-a90d-a9a025ffe1b9", "season": "2024", "season_period": "Indoor", "competition_result": "4.2", "comments": ""}}, {"model": "training_programme.goals", "pk": "2767cb7a-2bf0-4229-82eb-8b23eec4422e", "fields": {"athlete": "6d1c9073-43b7-4d85-b705-15ddb631c2f6", "competition_event": "7e1f4d3e-dec0-4e81-97b7-1c2157ea7ad1", "season": "2024", "season_period": "Indoor", "competition_result": "13.0", "comments": ""}}, {"model": "training_programme.goals", "pk": "2e048406-131a-441b-95f0-cb010b16830d", "fields": {"athlete": "3694f97c-dd08-4592-b2cb-ca9d706b36ac", "competition_event": "0b47217e-9546-4a17-804d-8a6ea710d56f", "season": "2024", "season_period": "Indoor", "competition_result": "7.0", "comments": ""}}, {"model": "training_programme.goals", "pk": "4b1750b3-a071-4b07-89a8-ddc18e6856e5", "fields": {"athlete": "3694f97c-dd08-4592-b2cb-ca9d706b36ac", "competition_event": "475142fc-4a25-4dda-b49e-b26be7bd8159", "season": "2024", "season_period": "Indoor", "competition_result": "1.95", "comments": ""}}, {"model": "training_programme.goals", "pk": "7d9edb12-ca39-433b-a03c-8c87fb92cb82", "fields": {"athlete": "3694f97c-dd08-4592-b2cb-ca9d706b36ac", "competition_event": "e0531330-8efb-4f83-b55f-336e1821683f", "season": "2024", "season_period": "Indoor", "competition_result": "8.30", "comments": ""}}, {"model": "training_programme.goals", "pk": "87f63157-8fc0-4b39-b041-dab397e82af2", "fields": {"athlete": "6d1c9073-43b7-4d85-b705-15ddb631c2f6", "competition_event": "0b47217e-9546-4a17-804d-8a6ea710d56f", "season": "2024", "season_period": "Indoor", "competition_result": "7.0", "comments": ""}}, {"model": "training_programme.goals", "pk": "badfcf3d-8108-4de4-b9b9-721ab42e6305", "fields": {"athlete": "3694f97c-dd08-4592-b2cb-ca9d706b36ac", "competition_event": "4b5733e4-a2c4-4025-805f-3620fafe67cf", "season": "2024", "season_period": "Indoor", "competition_result": "2:50.00", "comments": ""}}, {"model": "training_programme.goals", "pk": "d9599296-3fb5-43f9-a143-cc7b237dc9c0", "fields": {"athlete": "6d1c9073-43b7-4d85-b705-15ddb631c2f6", "competition_event": "e76d49f0-a826-4f2f-8a97-53add207ca97", "season": "2024", "season_period": "Indoor", "competition_result": "8.30", "comments": ""}}, {"model": "training_programme.goals", "pk": "da58c190-c80c-4ca7-8eba-e9f2c9f428fb", "fields": {"athlete": "3694f97c-dd08-4592-b2cb-ca9d706b36ac", "competition_event": "9ccc9046-f198-4caa-a90d-a9a025ffe1b9", "season": "2024", "season_period": "Indoor", "competition_result": "3.8", "comments": ""}}, {"model": "training_programme.goals", "pk": "ddb72026-826c-4bd5-8570-99b6cd274aab", "fields": {"athlete": "6d1c9073-43b7-4d85-b705-15ddb631c2f6", "competition_event": "05329318-a958-4e76-a48f-2281aba97986", "season": "2024", "season_period": "Indoor", "competition_result": "5352.0", "comments": ""}}, {"model": "training_programme.goals", "pk": "e00a86f5-bbde-4fe6-8c4b-e3ae8861b9d4", "fields": {"athlete": "3694f97c-dd08-4592-b2cb-ca9d706b36ac", "competition_event": "cb17f63f-35b4-4f91-941a-cbee6feef707", "season": "2024", "season_period": "Indoor", "competition_result": "7.20", "comments": ""}}, {"model": "training_programme.goals", "pk": "e0d6ef8a-ebbf-4407-9c96-1ff4fcabd00f", "fields": {"athlete": "3694f97c-dd08-4592-b2cb-ca9d706b36ac", "competition_event": "27964825-66ac-40fb-8c96-76dc5b8aba8e", "season": "2024", "season_period": "Indoor", "competition_result": "15.0", "comments": ""}}, {"model": "training_programme.goals", "pk": "e0faf750-a327-4a52-9e0b-c4eb7c5e3e82", "fields": {"athlete": "6d1c9073-43b7-4d85-b705-15ddb631c2f6", "competition_event": "4b5733e4-a2c4-4025-805f-3620fafe67cf", "season": "2024", "season_period": "Indoor", "competition_result": "2:50.00", "comments": ""}}, {"model": "training_programme.goals", "pk": "e6d3015d-1722-42e9-a044-74c25acf784d", "fields": {"athlete": "3694f97c-dd08-4592-b2cb-ca9d706b36ac", "competition_event": "0c5f5412-0f7c-447c-8ecd-ec9103fa8bb0", "season": "2024", "season_period": "Indoor", "competition_result": "5000.0", "comments": ""}}, {"model": "training_programme.goals", "pk": "f920956c-3095-48ff-bfb6-3b8daaf3978e", "fields": {"athlete": "6d1c9073-43b7-4d85-b705-15ddb631c2f6", "competition_event": "475142fc-4a25-4dda-b49e-b26be7bd8159", "season": "2024", "season_period": "Indoor", "competition_result": "1.95", "comments": ""}}, {"model": "training_programme.goals", "pk": "fcb7198d-f2a6-48b2-a046-bae1eecb18af", "fields": {"athlete": "6d1c9073-43b7-4d85-b705-15ddb631c2f6", "competition_event": "cb17f63f-35b4-4f91-941a-cbee6feef707", "season": "2024", "season_period": "Indoor", "competition_result": "7.15", "comments": ""}}, {"model": "nutrition.antropometricdata", "pk": 2, "fields": {"date": "2023-10-10", "athlete": "3694f97c-dd08-4592-b2cb-ca9d706b36ac", "height": "1.80", "weight": "66.40", "body_fat": "7.10", "body_muscle": "15.70", "prega_tricipal": "3.80", "prega_subescapular": "6.80", "prega_bicipal": "2.80", "prega_ilio_cristal": "6.00", "prega_supra_espinal": "4.80", "prega_abdominal": "6.40", "prega_coxa": "6.20", "prega_gemeo": "3.20", "perimeter_relax_arm": "28.10", "perimeter_strenght_arm": "30.70", "perimeter_abdominal": "75.70", "perimeter_hip": "89.70", "perimeter_thigh": "49.40", "perimeter_calf": "35.20", "obs": ""}}, {"model": "nutrition.antropometricdata", "pk": 3, "fields": {"date": "2023-04-27", "athlete": "6d1c9073-43b7-4d85-b705-15ddb631c2f6", "height": "1.80", "weight": "67.00", "body_fat": "6.50", "body_muscle": "14.20", "prega_tricipal": "4.00", "prega_subescapular": "6.60", "prega_bicipal": "2.60", "prega_ilio_cristal": "4.80", "prega_supra_espinal": "3.80", "prega_abdominal": "4.60", "prega_coxa": "6.20", "prega_gemeo": "3.40", "perimeter_relax_arm": "29.00", "perimeter_strenght_arm": "31.80", "perimeter_abdominal": "79.50", "perimeter_hip": "93.50", "perimeter_thigh": "47.50", "perimeter_calf": "33.80", "obs": ""}}, {"model": "nutrition.antropometricdata", "pk": 4, "fields": {"date": "2023-12-07", "athlete": "6d1c9073-43b7-4d85-b705-15ddb631c2f6", "height": "1.80", "weight": "69.40", "body_fat": "7.00", "body_muscle": "13.80", "prega_tricipal": "4.60", "prega_subescapular": "7.00", "prega_bicipal": "2.20", "prega_ilio_cristal": "6.00", "prega_supra_espinal": "5.80", "prega_abdominal": "4.60", "prega_coxa": "6.40", "prega_gemeo": "2.60", "perimeter_relax_arm": "29.30", "perimeter_strenght_arm": "31.30", "perimeter_abdominal": "79.50", "perimeter_hip": "93.00", "perimeter_thigh": "47.00", "perimeter_calf": "33.50", "obs": ""}}]